,word,frequency,crucial subject specific word,optional subject specific word,all other words
1,computer,1176,1,,
2,programming,647,1,,
3,science,609,1,,
4,students,551,,,1
5,course,454,,,1
6,skills,434,,,1
7,how,385,,,1
8,systems,334,,1,
9,computational,294,,1,
10,understanding,276,,,1
11,develop,272,,,1
12,thinking,271,,,1
13,algorithms,268,,1,
14,gcse,233,,,1
15,technology,227,1,,
16,have,210,,,1
17,study,200,,,1
18,problems,191,1,,
19,work,190,,,1
20,data,189,,1,
21,use,187,,,1
22,problem,185,1,,
23,level,176,,,1
24,digital,173,,1,
25,knowledge,165,,,1
26,programs,165,,1,
27,subject,162,,,1
28,also,155,,,1
29,solving,155,1,,
30,software,153,,1,
31,security,144,,1,
32,computing,142,1,,
33,practical,138,,,1
34,exam,136,,,1
35,computers,130,1,,
36,paper,128,,,1
37,including,127,,,1
38,design,125,,1,
39,component,125,,1,
40,learn,124,,,1
41,world,121,,,1
42,networks,113,,1,
43,system,113,,1,
44,solve,111,1,,
45,unit,107,,,1
46,assessment,107,,,1
47,written,103,,,1
48,using,103,,,1
49,logic,102,,1,
50,information,102,,1,
51,qualification,100,,,1
52,apply,98,,,1
53,understand,96,,,1
54,project,96,,,1
55,other,95,,,1
56,assessed,95,,,1
57,ethical,92,,,1
58,year,90,,,1
59,learners,88,,,1
60,network,87,,1,
61,legal,86,,1,
62,able,86,,,1
63,techniques,85,,1,
64,range,85,,1,
65,real,82,,,1
66,languages,82,,1,
67,representation,80,,1,
68,such,80,,,1
69,further,79,,,1
70,examination,77,,,1
71,environmental,76,,,1
72,content,72,,,1
73,learning,72,,,1
74,development,71,,1,
75,has,71,,,1
76,creative,70,,,1
77,storage,69,,1,
78,theory,69,,1,
79,technologies,67,,1,
80,need,67,,,1
81,concepts,66,,1,
82,python,65,,1,
83,memory,65,,1,
84,cultural,65,,,1
85,make,65,,,1
86,more,64,,,1
87,key,63,,,1
88,different,63,,,1
89,used,62,,,1
90,many,62,,,1
91,pupils,61,,,1
92,well,61,,,1
93,new,60,,,1
94,code,59,,1,
95,areas,58,,,1
96,opportunity,58,,,1
97,solutions,58,,,1
98,robust,57,,,1
99,architecture,57,,1,
100,principles,56,,,1
101,help,56,,,1
102,technical,56,,1,
103,create,56,,,1
104,grade,56,,,1
105,hardware,55,,1,
106,engineering,55,,,1
107,impacts,54,,,1
108,part,54,,,1
109,marks,54,,,1
110,future,53,,,1
111,minutes,53,,,1
112,good,52,,,1
113,write,52,,,1
114,test,52,,,1
115,works,52,,,1
116,developer,52,,1,
117,modern,52,,,1
118,components,52,,1,
119,program,51,1,,
120,ability,51,,,1
121,give,51,,,1
122,careers,50,,,1
123,media,50,,,1
124,life,49,,,1
125,opportunities,49,,,1
126,become,49,,,1
127,language,48,,1,
128,career,48,,,1
129,questions,48,,,1
130,hour,48,,,1
131,society,47,,,1
132,set,47,,,1
133,cyber,47,,1,
134,where,46,,,1
135,look,46,,,1
136,then,46,,,1
137,school,46,,,1
138,depth,45,,,1
139,provides,45,,,1
140,want,45,,,1
141,producing,45,,,1
142,impact,45,,,1
143,board,44,,,1
144,excellent,44,,,1
145,related,44,,,1
146,curriculum,44,,,1
147,so,44,,,1
148,answer,44,,,1
149,working,43,,,1
150,based,43,,,1
151,end,43,,,1
152,find,43,,,1
153,high,42,,,1
154,solution,42,,,1
155,fundamental,42,,,1
156,analysis,42,,,1
157,lessons,42,,,1
158,subjects,41,,,1
159,experience,41,,,1
160,provide,40,,,1
161,wireless,40,,1,
162,writing,40,,,1
163,protocols,40,,,1
164,courses,40,,,1
165,think,40,,,1
166,logical,40,,,1
167,preparation,39,,,1
168,units,39,,,1
169,topics,39,,,1
170,interest,39,,,1
171,web,39,,1,
172,gives,38,,,1
173,developing,38,,,1
174,tasks,38,,,1
175,behind,38,,,1
176,hours,38,,,1
177,mr,37,,,1
178,complete,37,,,1
179,include,37,,,1
180,access,37,,1,
181,gain,37,,,1
182,own,37,,,1
183,current,37,,,1
184,emerging,37,,,1
185,specification,36,,,1
186,topologies,36,,1,
187,available,36,,,1
188,types,36,,,1
189,wider,36,,,1
190,ks,36,,,1
191,take,36,,,1
192,concerns,35,,,1
193,critical,35,,,1
194,time,35,,,1
195,issues,35,,,1
196,higher,34,,,1
197,translators,34,,1,
198,given,34,,,1
199,games,34,,,1
200,mathematics,34,,1,
201,maths,34,,,1
202,application,33,,1,
203,terms,33,,,1
204,designing,33,,,1
205,progress,33,,,1
206,employment,33,,,1
207,relevant,33,,,1
208,theoretical,33,,,1
209,short,33,,,1
210,field,32,,1,
211,stage,32,,,1
212,final,32,,,1
213,why,32,,,1
214,taught,31,,,1
215,enable,31,,,1
216,suitable,31,,,1
217,enjoy,31,,,1
218,mathematical,31,,1,
219,goes,31,,,1
220,way,31,,,1
221,analyse,30,,,1
222,programmer,30,,1,
223,form,30,,,1
224,wide,30,,,1
225,logically,30,,,1
226,variety,30,,,1
227,ict,30,,1,
228,total,30,,,1
229,require,29,,,1
230,essential,29,,,1
231,industry,29,,,1
232,demand,29,,,1
233,education,29,,,1
234,individual,29,,,1
235,important,29,,,1
236,facilities,29,,,1
237,internet,29,,1,
238,ocr,28,,,1
239,people,28,,,1
240,scenes,28,,,1
241,support,28,,,1
242,go,27,,,1
243,required,27,,,1
244,engineer,27,,,1
245,number,27,,,1
246,it,27,,,1
247,online,27,,1,
248,non,27,,,1
249,independent,27,,,1
250,evaluate,26,,,1
251,progression,26,,,1
252,associated,25,,,1
253,ever,25,,,1
254,focus,25,,,1
255,aspects,25,,,1
256,produce,25,,,1
257,allow,25,,,1
258,day,25,,,1
259,contexts,25,,,1
260,exams,25,,,1
261,wired,24,,1,
262,task,24,,,1
263,creativity,24,,,1
264,core,24,,,1
265,very,24,,,1
266,importance,24,,,1
267,research,24,,,1
268,teacher,24,,,1
269,cpu,23,,1,
270,just,23,,,1
271,boolean,23,,1,
272,abstraction,23,,1,
273,university,23,,,1
274,most,23,,,1
275,everyday,23,,,1
276,insight,23,,,1
277,increasing,23,,,1
278,choice,23,,,1
279,multiple,23,,,1
280,following,22,,,1
281,lead,22,,,1
282,debugging,22,,1,
283,long,22,,,1
284,home,22,,,1
285,resources,21,,,1
286,fundamentals,21,,,1
287,designer,21,,,1
288,manager,21,,,1
289,analytically,21,,,1
290,social,21,,,1
291,layers,21,,,1
292,student,21,,,1
293,users,21,,,1
294,practice,21,,,1
295,explore,21,,,1
296,mix,21,,,1
297,examinations,20,,,1
298,refine,20,,,1
299,build,20,,,1
300,specific,20,,,1
301,changing,20,,,1
302,highly,20,,,1
303,business,20,,,1
304,creatively,20,,,1
305,innovatively,20,,,1
306,binary,20,,1,
307,devices,20,,1,
308,investigate,20,,,1
309,means,20,,,1
310,requirements,20,,,1
311,creating,20,,,1
312,decomposition,20,,1,
313,worth,20,,,1
314,covers,20,,,1
315,area,19,,,1
316,sector,19,,,1
317,cover,19,,,1
318,elements,19,,,1
319,order,19,,,1
320,levels,19,,,1
321,applied,19,,,1
322,communicate,19,,,1
323,familiar,19,,,1
324,acquire,19,,,1
325,applications,19,,1,
326,databases,19,,1,
327,topic,19,,,1
328,please,19,,,1
329,undertake,18,,,1
330,allows,18,,,1
331,next,18,,,1
332,today,18,,,1
333,example,18,,,1
334,taken,18,,,1
335,qualifications,18,,,1
336,jobs,18,,,1
337,uk,18,,,1
338,department,18,,,1
339,contact,18,,,1
340,includes,17,,,1
341,exciting,17,,,1
342,studies,17,,,1
343,sixth,17,,,1
344,workplace,17,,,1
345,years,17,,,1
346,only,17,,,1
347,encourage,17,,,1
348,possible,17,,,1
349,user,17,,1,
350,projects,17,,,1
351,lives,17,,,1
352,improve,17,,,1
353,homework,17,,,1
354,programmes,17,,,1
355,longer,17,,,1
356,management,17,,,1
357,academic,16,,,1
358,classroom,16,,,1
359,structure,16,,,1
360,central,16,,,1
361,processing,16,,1,
362,google,16,,1,
363,lesson,16,,,1
364,testing,16,,,1
365,covered,16,,,1
366,individuals,16,,,1
367,continue,16,,,1
368,communication,16,,,1
369,plan,16,,,1
370,ensure,16,,,1
371,studying,16,,,1
372,nea,16,,,1
373,transferred,16,,1,
374,even,16,,,1
375,aim,16,,,1
376,sql,16,,1,
377,requires,16,,,1
378,involves,15,,,1
379,integrated,15,,1,
380,skill,15,,,1
381,parts,15,,,1
382,having,15,,,1
383,strong,15,,,1
384,aims,15,,,1
385,addition,15,,,1
386,challenging,15,,,1
387,examined,15,,,1
388,get,15,,,1
389,best,15,,,1
390,challenges,15,,,1
391,offers,15,,,1
392,networking,15,,1,
393,planning,15,,,1
394,especially,15,,,1
395,completing,15,,,1
396,options,15,,,1
397,mrs,15,,,1
398,assessing,15,,,1
399,grounding,14,,,1
400,analytical,14,,1,
401,particular,14,,,1
402,professionals,14,,,1
403,basic,14,,,1
404,analyst,14,,,1
405,successful,14,,,1
406,mobile,14,,1,
407,however,14,,,1
408,effectiveness,14,,,1
409,introduced,14,,,1
410,transferable,14,,,1
411,database,14,,1,
412,mins,14,,,1
413,evaluation,14,,,1
414,qualified,14,,,1
415,overview,14,,,1
416,completed,14,,,1
417,discerning,14,,,1
418,employers,14,,,1
419,papers,14,,,1
420,much,14,,,1
421,controlled,14,,,1
422,app,14,,1,
423,beyond,14,,,1
424,consists,14,,,1
425,external,14,,,1
426,follow,14,,,1
427,developed,14,,,1
428,encouraging,13,,,1
429,great,13,,,1
430,game,13,,,1
431,connections,13,,,1
432,environments,13,,,1
433,now,13,,,1
434,designed,13,,,1
435,building,13,,,1
436,therefore,13,,,1
437,degree,13,,,1
438,first,13,,,1
439,advantage,13,,,1
440,industries,13,,,1
441,tools,13,,,1
442,administrator,13,,,1
443,awareness,13,,,1
444,teach,13,,,1
445,context,13,,,1
446,start,13,,,1
447,term,13,,,1
448,needs,12,,,1
449,open,12,,,1
450,looks,12,,,1
451,engaging,12,,,
452,encourages,12,,,1
453,independently,12,,,1
454,details,12,,,1
455,success,12,,,1
456,coursework,12,,,1
457,expected,12,,,1
458,increasingly,12,,,1
459,financial,12,,,1
460,valuable,12,,,1
461,rapidly,12,,,1
462,literacy,12,,,1
463,critically,12,,,1
464,already,12,,,1
465,sound,12,,,1
466,free,12,,,1
467,college,12,,,1
468,english,12,,,1
469,necessary,12,,,1
470,keen,12,,,1
471,products,12,,,1
472,effectively,12,,,1
473,approach,12,,,1
474,externally,12,,,1
475,covering,12,,,1
476,focuses,12,,,1
477,focused,12,,,1
478,intelligence,11,,,1
479,apps,11,,1,
480,achieve,11,,,1
481,artificial,11,,,1
482,equip,11,,,1
483,better,11,,,1
484,medicine,11,,,1
485,offer,11,,,1
486,sectors,11,,,1
487,standard,11,,,1
488,various,11,,,1
489,mind,11,,,1
490,pathways,11,,,1
491,solid,11,,1,
492,algorithm,11,,,1
493,conclusions,11,,,1
494,basis,11,,,1
495,growing,11,,,1
496,active,11,,,1
497,read,11,,,1
498,wish,11,,,1
499,fully,11,,,1
500,environment,11,,,1
501,ways,11,,,1
502,links,11,,,1
503,scientists,11,,,1
504,changes,11,,,1
505,mixture,11,,,1
506,extended,11,,,1
507,technological,11,,1,
508,apprenticeships,11,,,1
509,least,11,,,1
510,prepare,11,,,1
511,body,11,,,1
512,overall,11,,,1
513,others,11,,,1
514,involve,11,,,1
515,provided,11,,,1
516,contribute,11,,,1
517,helping,10,,,1
518,devise,10,,,1
519,review,10,,,1
520,looking,10,,,1
521,description,10,,,1
522,mark,10,,,1
523,website,10,,1,
524,becoming,10,,,1
525,develops,10,,,1
526,self,10,,,1
527,deep,10,,,1
528,safety,10,,,1
529,process,10,,,1
530,enables,10,,,1
531,introduction,10,,,1
532,together,10,,,1
533,interpret,10,,,1
534,economy,10,,,1
535,teaches,10,,,1
536,re,10,,,1
537,studied,10,,,1
538,national,10,,,1
539,response,10,,,1
540,appropriate,10,,,1
541,see,10,,,1
542,significant,10,,,1
543,builds,10,,,1
544,foundation,10,,,1
545,email,10,,,1
546,minute,10,,,1
547,implications,10,,,1
548,effective,10,,,1
549,things,10,,,1
550,candidates,10,,,1
551,hr,10,,,1
552,gained,9,,,1
553,evaluating,9,,,1
554,benefit,9,,,1
555,encouraged,9,,,1
556,product,9,,,1
557,moral,9,,,1
558,big,9,,,1
559,activities,9,,,1
560,post,9,,,1
561,stone,9,,,1
562,functions,9,,,1
563,physical,9,,,1
564,constructs,9,,,1
565,fun,9,,,1
566,spend,9,,,1
567,picking,9,,,1
568,digitally,9,,1,0
569,confident,9,,,1
570,count,9,,,1
571,discipline,9,,,1
572,aware,9,,,1
573,resource,9,,,1
574,made,9,,,1
575,makes,9,,,1
576,run,9,,,1
577,counts,9,,,1
578,ideal,9,,,1
579,interested,9,,,1
580,vocational,9,,,1
581,represented,9,,,1
582,currently,9,,,1
583,down,9,,,1
584,additional,9,,,1
585,informed,9,,,1
586,creation,9,,,1
587,explain,9,,,1
588,decisions,9,,,1
589,consider,9,,,1
590,change,9,,,1
591,know,9,,,1
592,show,9,,,1
593,useful,9,,,1
594,large,9,,,1
595,really,9,,,1
596,http,9,,1,0
597,learned,8,,,1
598,revision,8,,,1
599,embedded,8,,1,0
600,created,8,,,1
601,needed,8,,,1
602,role,8,,,1
603,specialist,8,,,1
604,consultant,8,,,1
605,selection,8,,,1
606,syllabus,8,,,1
607,main,8,,,1
608,instructions,8,,,1
609,companies,8,,,1
610,microsoft,8,,1,0
611,safe,8,,,1
612,control,8,,,1
613,calculators,8,,,1
614,leader,8,,,1
615,ideas,8,,,1
616,applying,8,,,1
617,award,8,,,1
618,continues,8,,,1
619,aspect,8,,,1
620,challenge,8,,,1
621,encryption,8,,1,0
622,considered,8,,,1
623,scenarios,8,,,1
624,reading,8,,,1
625,production,8,,,1
626,brief,8,,,1
627,identify,8,,,1
628,succeed,8,,,1
629,relational,8,,,1
630,entry,8,,,1
631,office,8,,,1
632,requiring,8,,,1
633,btec,8,,,1
634,equipped,8,,,1
635,class,8,,,1
636,connected,8,,,1
637,architect,8,,1,0
638,processes,8,,,1
639,literate,8,,,1
640,love,8,,,1
641,account,8,,,1
642,summer,8,,,1
643,speak,8,,,1
644,introduce,8,,1,0
645,https,8,,1,0
646,debug,8,,,1
647,invention,7,,,1
648,natural,7,,,1
649,download,7,,1,0
650,decompose,7,,1,0
651,coding,7,,1,0
652,else,7,,,1
653,come,7,,,1
654,job,7,,,1
655,robotics,7,,1,0
656,sought,7,,,1
657,etc,7,,,1
658,local,7,,,1
659,programme,7,,,1
660,rely,7,,,1
661,store,7,,,1
662,apprenticeship,7,,,1
663,function,7,,,1
664,delivered,7,,,1
665,presentation,7,,,1
666,training,7,,,1
667,doubt,7,,,1
668,superb,7,,,1
669,competent,7,,,1
670,involved,7,,,1
671,element,7,,,1
672,fast,7,,,1
673,interface,7,,1,0
674,cambridge,7,,,1
675,recent,7,,,1
676,growth,7,,,1
677,deeper,7,,,1
678,websites,7,,1,0
679,scientist,7,,,1
680,government,7,,,1
681,widely,7,,,1
682,choices,7,,,1
683,communications,7,,,1
684,assess,7,,,1
685,internally,7,,,1
686,potential,7,,,1
687,target,7,,,1
688,images,7,,,1
689,link,7,,,1
690,right,7,,,1
691,computation,7,,1,0
692,put,7,,,1
693,assessments,7,,,1
694,global,7,,,1
695,input,7,,,1
696,personal,7,,,1
697,meet,7,,,1
698,due,7,,,1
699,children,7,,,1
700,privacy,7,,1,0
701,visual,7,,,1
702,situations,7,,,1
703,cybersecurity,7,,,1
704,characteristics,7,,,1
705,geese,7,,,1
706,roles,7,,,1
707,power,6,,,1
708,human,6,,,1
709,machine,6,,,1
710,xxx,6,,,1
711,teachers,6,,,1
712,performance,6,,,1
713,compression,6,,,1
714,huge,6,,,1
715,resulting,6,,,1
716,live,6,,,1
717,colleges,6,,,1
718,packages,6,,,1
719,extremely,6,,,1
720,established,6,,,1
721,construct,6,,,1
722,efficient,6,,,1
723,iteration,6,,,1
724,variables,6,,,1
725,engage,6,,,1
726,relevance,6,,,1
727,emphasis,6,,,1
728,stored,6,,,1
729,colleagues,6,,,1
730,express,6,,,1
731,pace,6,,,1
732,sciences,6,,,1
733,enormous,6,,,1
734,advance,6,,,1
735,employees,6,,,1
736,taking,6,,,1
737,almost,6,,,1
738,tech,6,,1,0
739,greater,6,,,1
740,interactive,6,,,1
741,option,6,,,1
742,fascinating,6,,,1
743,st,6,,,1
744,helps,6,,,1
745,purpose,6,,,1
746,regular,6,,,1
747,supports,6,,,1
748,age,6,,,1
749,amount,6,,,1
750,hard,6,,,1
751,numbers,6,,,1
752,text,6,,,1
753,method,6,,,1
754,fields,6,,1,0
755,discover,6,,,1
756,parents,6,,,1
757,grades,6,,,1
758,series,6,,,1
759,completion,6,,,1
760,capability,6,,,1
761,sessions,6,,,1
762,journey,6,,,1
763,safely,6,,,1
764,page,6,,,1
765,learnt,6,,,1
766,demonstrate,6,,,1
767,suit,6,,,1
768,algorithmic,6,,1,0
769,methods,6,,,1
770,compulsory,6,,,1
771,weighted,6,,,1
772,recommended,6,,,1
773,section,6,,,1
774,aqa,6,,,1
775,trends,6,,,1
776,module,6,,,1
777,wwwocrorguk,6,,,1
778,spent,6,,,1
779,tested,6,,,1
780,second,6,,,1
781,date,6,,,1
782,value,6,,,1
783,follows,6,,,1
784,allowed,6,,,1
785,excitement,5,,,1
786,pupil,5,,,1
787,source,5,,,1
788,allowing,5,,,1
789,java,5,,1,0
790,anyhow,5,,,1
791,introduces,5,,,1
792,materials,5,,,1
793,video,5,,,1
794,threats,5,,,1
795,searching,5,,,1
796,daily,5,,,1
797,last,5,,,1
798,combination,5,,,1
799,graphics,5,,1,0
800,full,5,,,1
801,phones,5,,,1
802,keep,5,,,1
803,place,5,,,1
804,aimed,5,,,1
805,facebook,5,,,1
806,nature,5,,,1
807,advanced,5,,,1
808,offering,5,,,1
809,attractive,5,,,1
810,complex,5,,,1
811,providing,5,,,1
812,resilient,5,,,1
813,organisations,5,,,1
814,before,5,,,1
815,sequence,5,,,1
816,structures,5,,,1
817,directly,5,,,1
818,hexadecimal,5,,1,0
819,young,5,,,1
820,likely,5,,,1
821,interesting,5,,,1
822,underpinning,5,,,1
823,programsthink,5,,1,0
824,fortnight,5,,,1
825,little,5,,,1
826,assignments,5,,,1
827,absorbing,5,,,1
828,offered,5,,,1
829,graduate,5,,,1
830,participants,5,,,1
831,responsible,5,,,1
832,included,5,,,1
833,exploded,5,,,1
834,technologically,5,,,1
835,gaming,5,,,1
836,practices,5,,,1
837,ultimately,5,,,1
838,electronic,5,,,1
839,found,5,,,1
840,massive,5,,,1
841,programmers,5,,,1
842,scientific,5,,,1
843,century,5,,,1
844,ownership,5,,,1
845,type,5,,,1
846,words,5,,,1
847,feedback,5,,,1
848,particularly,5,,,1
849,chance,5,,,1
850,minimum,5,,,1
851,results,5,,,1
852,relation,5,,,1
853,faculty,5,,,1
854,secure,5,,,1
855,single,5,,,1
856,scenario,5,,,1
857,contains,5,,,1
858,ve,5,,,1
859,always,5,,,1
860,actually,5,,,1
861,leave,5,,,1
862,finally,5,,,1
863,still,5,,,1
864,physics,5,,,1
865,client,5,,,1
866,graphic,5,,1,0
867,hands,5,,,1
868,preparing,5,,,1
869,intervention,5,,,1
870,giving,5,,,1
871,low,5,,,1
872,advice,5,,,1
873,yet,5,,,1
874,present,5,,,1
875,thinkers,5,,,1
876,assist,5,,,1
877,innovative,5,,,1
878,child,5,,,1
879,requirement,5,,,1
880,confidence,5,,,1
881,firm,5,,,1
882,structured,5,,,1
883,malware,5,,1,0
884,half,5,,,1
885,piece,5,,,1
886,tracing,5,,,1
887,abilities,5,,,1
888,amend,5,,,1
889,truth,5,,,1
890,tables,5,,,1
891,achieved,5,,,1
892,expect,5,,,1
893,challenged,5,,,1
894,september,5,,,1
895,latest,5,,,1
896,collaboratively,5,,,1
897,ensures,5,,,1
898,pseudocode,5,,1,0
899,point,5,,,1
900,lots,5,,,1
901,june,5,,,1
902,developments,5,,,1
903,conditions,5,,,1
904,opens,5,,,1
905,architecturememorystoragewired,5,,1,0
906,moodle,5,,1,0
907,draw,5,,,1
908,general,4,,,1
909,intensely,4,,,1
910,detail,4,,,1
911,vital,4,,,1
912,activity,4,,,1
913,ranging,4,,,1
914,smart,4,,,1
915,dynamic,4,,,1
916,examples,4,,,1
917,inventive,4,,,1
918,idea,4,,,1
919,virtual,4,,,1
920,built,4,,,1
921,technically,4,,,1
922,demanding,4,,,1
923,decision,4,,,1
924,handling,4,,,1
925,history,4,,,1
926,outline,4,,,1
927,bigger,4,,,1
928,criticallyunderstand,4,,,1
929,week,4,,,1
930,evidence,4,,,1
931,pc,4,,1,0
932,elsewhere,4,,,1
933,going,4,,,1
934,baccalaureate,4,,,1
935,businesses,4,,,1
936,simple,4,,,1
937,majority,4,,,1
938,consist,4,,,1
939,appreciate,4,,,1
940,suites,4,,1,
941,communicating,4,,,1
942,recognised,4,,,1
943,valued,4,,,1
944,difference,4,,,1
945,innovation,4,,,1
946,collaborative,4,,,1
947,prepares,4,,,1
948,gaining,4,,,1
949,shortage,4,,,1
950,investigations,4,,1,
951,assembly,4,,,1
952,reasoning,4,,,1
953,mean,4,,,1
954,academy,4,,,1
955,title,4,,,1
956,universities,4,,,1
957,implement,4,,,1
958,tackle,4,,,1
959,leads,4,,,1
960,multimedia,4,,1,0
961,assignment,4,,,1
962,previous,4,,,1
963,eg,4,,,1
964,correct,4,,,1
965,texts,4,,,1
966,comes,4,,,1
967,feel,4,,,1
968,play,4,,,1
969,demands,4,,,1
970,academically,4,,,1
971,happy,4,,,1
972,note,4,,,1
973,aptitude,4,,,1
974,major,4,,,1
975,breaking,4,,,1
976,transfer,4,,,1
977,our,4,,,1
978,valley,4,,,1
979,park,4,,,1
980,guided,4,,,1
981,past,4,,,1
982,focusing,4,,,1
983,effects,4,,,1
984,engaged,4,,,1
985,creators,4,,,1
986,vle,4,,,1
987,internal,4,,,1
988,representationanalyse,4,,,1
989,vr,4,,,1
990,report,4,,,1
991,forensic,4,,,1
992,known,4,,,1
993,professional,4,,,1
994,grasp,4,,,1
995,flowcharts,4,,1,0
996,values,4,,,1
997,enhance,4,,,1
998,club,4,,,1
999,examining,4,,,1
1000,pathway,4,,,1
1001,unity,4,,,1
1002,common,4,,,1
1003,appreciation,4,,,1
1004,retrieval,4,,1,0
1005,cycle,4,,1,0
1006,guides,4,,,1
1007,stay,4,,,1
1008,guidance,4,,,1
1009,economic,4,,,1
1010,discuss,4,,,1
1011,spreadsheets,4,,1,
1012,carry,4,,,1
1013,underpin,4,,,1
1014,keeping,4,,,1
1015,supporting,4,,,1
1016,regularly,4,,,1
1017,manner,4,,,1
1018,marked,4,,,1
1019,maintain,4,,,1
1020,competence,4,,,1
1021,incorporates,4,,,1
1022,split,4,,,1
1023,affects,4,,,1
1024,drive,4,,1,0
1025,codes,4,,,1
1026,refining,4,,,1
1027,group,4,,,1
1028,puzzles,4,,,1
1029,construction,4,,,1
1030,recommend,4,,,1
1031,manipulation,4,,,1
1032,manufacturing,4,,,1
1033,solved,4,,,1
1034,prepared,4,,,1
1035,degrees,4,,,1
1036,perfect,4,,,1
1037,enjoys,4,,,1
1038,click,4,,1,0
1039,autumn,4,,,1
1040,spring,4,,,1
1041,nonrepresentational,4,,,1
1042,ask,4,,,1
1043,baccy,4,,,1
1044,appropriately,4,,,1
1045,answers,4,,,1
1046,investigates,4,,,1
1047,excel,4,,1,0
1048,plus,4,,,1
1049,changed,4,,,1
1050,though,4,,,1
1051,benefits,4,,,1
1052,drawn,4,,,1
1053,rules,4,,,1
1054,certain,4,,,1
1055,specifications,4,,,1
1056,lot,4,,,1
1057,stated,4,,,1
1058,min,4,,,1
1059,sit,3,,,1
1060,prevention,3,,,1
1061,sorting,3,,,1
1062,teamwork,3,,,1
1063,small,3,,,1
1064,popular,3,,,1
1065,depend,3,,,1
1066,salaries,3,,,1
1067,positive,3,,,1
1068,address,3,,,1
1069,base,3,,,1
1070,limited,3,,,1
1071,machines,3,,,1
1072,quality,3,,,1
1073,burnley,3,,,1
1074,sales,3,,,1
1075,starting,3,,,1
1076,public,3,,,1
1077,diverse,3,,,1
1078,thus,3,,,1
1079,vision,3,,,1
1080,car,3,,,1
1081,thorough,3,,,1
1082,calls,3,,,1
1083,cas,3,,,1
1084,framework,3,,,1
1085,fear,3,,,1
1086,features,3,,,1
1087,block,3,,,1
1088,spreadsheet,3,,,1
1089,rigorous,3,,,1
1090,learner,3,,,1
1091,algebra,3,,,1
1092,perform,3,,,1
1093,primary,3,,,1
1094,state,3,,,1
1095,automated,3,,,1
1096,nanotechnologies,3,,1,0
1097,stimulate,3,,,1
1098,engagement,3,,,1
1099,motivation,3,,,1
1100,practically,3,,,1
1101,downloaded,3,,,1
1102,scienceunit,3,,,1
1103,repeated,3,,,1
1104,unfamiliar,3,,,1
1105,rapid,3,,,1
1106,grading,3,,,1
1107,enjoyment,3,,,1
1108,achieving,3,,,1
1109,consumed,3,,,1
1110,experiences,3,,,1
1111,gets,3,,,1
1112,operate,3,,,1
1113,analyzing,3,,,1
1114,interpreting,3,,,1
1115,identifying,3,,,1
1116,rounded,3,,,1
1117,edge,3,,,1
1118,medical,3,,,1
1119,equipment,3,,,1
1120,finding,3,,,1
1121,hope,3,,,1
1122,contributes,3,,,1
1123,hugely,3,,,1
1124,competitive,3,,,1
1125,name,3,,,1
1126,substantial,3,,,1
1127,influence,3,,,1
1128,recognise,3,,,1
1129,onscreen,3,,,1
1130,undertaken,3,,,1
1131,quizzes,3,,,1
1132,classes,3,,,1
1133,call,3,,,1
1134,quizzing,3,,,1
1135,clear,3,,,1
1136,word,3,,,1
1137,arise,3,,,1
1138,difficulty,3,,,1
1139,often,3,,,1
1140,act,3,,,1
1141,seen,3,,,1
1142,leisure,3,,,1
1143,smaller,3,,,1
1144,sections,3,,,1
1145,attack,3,,,1
1146,hacking,3,,1,0
1147,intent,3,,,1
1148,strategies,3,,,1
1149,thames,3,,,1
1150,expand,3,,,1
1151,beneficial,3,,,1
1152,enough,3,,,1
1153,too,3,,,1
1154,mandatory,3,,,1
1155,remaining,3,,,1
1156,reviewing,3,,,1
1157,installed,3,,,1
1158,trusted,3,,,1
1159,docs,3,,,1
1160,peers,3,,,1
1161,modules,3,,,1
1162,weighting,3,,,1
1163,path,3,,,1
1164,respect,3,,,1
1165,promote,3,,,1
1166,balanced,3,,,1
1167,rooms,3,,,1
1168,enjoyable,3,,,1
1169,societyapply,3,,,1
1170,accepted,3,,,1
1171,supercomputer,3,,1,0
1172,awarded,3,,,1
1173,tester,3,,,1
1174,never,3,,,1
1175,team,3,,,1
1176,sufficient,3,,,1
1177,running,3,,,1
1178,calculator,3,,,1
1179,several,3,,,1
1180,operators,3,,1,
1181,pass,3,,,1
1182,immediate,3,,,1
1183,boardinghouse,3,,,1
1184,fourth,3,,,1
1185,citizens,3,,,1
1186,believe,3,,,1
1187,chances,3,,,1
1188,reflect,3,,,1
1189,deadlines,3,,,1
1190,properties,3,,,1
1191,multi,3,,,1
1192,diaries,3,,,1
1193,spacing,3,,,1
1194,traditional,3,,,1
1195,weekly,3,,,1
1196,identified,3,,,1
1197,provision,3,,,1
1198,equips,3,,,1
1199,skilled,3,,,1
1200,produced,3,,,1
1201,designers,3,,,1
1202,explored,3,,,1
1203,applies,3,,,1
1204,affect,3,,,1
1205,effect,3,,,1
1206,difficult,3,,,1
1207,ethics,3,,,1
1208,wrong,3,,,1
1209,enjoyed,3,,,1
1210,programminghow,3,,,1
1211,fellow,3,,,1
1212,predict,3,,,1
1213,model,3,,1,0
1214,foster,3,,,1
1215,desire,3,,,1
1216,list,3,,,1
1217,converting,3,,,1
1218,convert,3,,,1
1219,manage,3,,,1
1220,operations,3,,1,
1221,lasts,3,,,1
1222,independence,3,,,1
1223,coded,3,,1,0
1224,son,3,,,1
1225,issued,3,,,1
1226,background,3,,,1
1227,staying,3,,,1
1228,commitment,3,,,1
1229,resilience,3,,,1
1230,strands,3,,,1
1231,side,3,,,1
1232,here,3,,,1
1233,rate,3,,,1
1234,reasoned,3,,,1
1235,judgements,3,,,1
1236,educated,3,,,1
1237,inspire,3,,,1
1238,interfaces,3,,1,0
1239,iterative,3,,,1
1240,broad,3,,,1
1241,getting,3,,,1
1242,query,3,,,1
1243,pearson,3,,,1
1244,divided,3,,,1
1245,say,3,,,1
1246,choosing,3,,,1
1247,issuespaper,3,,,1
1248,compare,3,,,1
1249,marketing,3,,,1
1250,racecourse,3,,,1
1251,processors,3,,1,0
1252,passionate,3,,,1
1253,protect,3,,,1
1254,result,3,,,1
1255,ms,3,,,1
1256,utilise,3,,,1
1257,doors,3,,,1
1258,circuits,3,,,1
1259,search,3,,1,0
1260,equally,3,,,1
1261,moved,3,,,1
1262,had,3,,,1
1263,curricular,3,,,1
1264,programmed,3,,,1
1265,turn,3,,,1
1266,hackers,3,,1,0
1267,ao,3,,,1
1268,ed,3,,,1
1269,principally,3,,,1
1270,engineers,3,,1,
1271,music,3,,,1
1272,touch,3,,,1
1273,determination,3,,,1
1274,appeal,3,,,1
1275,break,3,,,1
1276,smith,3,,,1
1277,assesses,3,,,1
1278,miss,3,,,1
1279,examine,3,,,1
1280,let,3,,,1
1281,totalcomponent,3,,,1
1282,supplied,3,,,1
1283,later,3,,,1
1284,qualities,3,,,1
1285,techniquesanalysisdesigndevelopmenttesting,3,,,1
1286,wjec,3,,,1
1287,extend,3,,,1
1288,attend,3,,,1
1289,lunchtime,3,,,1
1290,version,3,,,1
1291,grow,3,,,1
1292,boost,3,,,1
1293,containing,3,,,1
1294,wwwaqaorguk,3,,,1
1295,phishing,3,,1,0
1296,firewalls,3,,1,0
1297,weak,3,,,1
1298,film,3,,,1
1299,vbnet,2,,1,0
1300,skillsthe,2,,,1
1301,sheets,2,,,1
1302,videos,2,,,1
1303,buy,2,,,1
1304,choose,2,,,1
1305,youtube,2,,,1
1306,necessity,2,,,1
1307,codecomputer,2,,1,0
1308,operating,2,,,1
1309,utility,2,,,1
1310,comprises,2,,,1
1311,agile,2,,,1
1312,pair,2,,,1
1313,soft,2,,,1
1314,eye,2,,,1
1315,line,2,,,1
1316,pseudo,2,,,1
1317,reason,2,,,1
1318,average,2,,,1
1319,pursue,2,,,1
1320,few,2,,,1
1321,unique,2,,,1
1322,relies,2,,,1
1323,heavily,2,,,1
1324,takes,2,,,1
1325,phone,2,,,1
1326,law,2,,,1
1327,tool,2,,,1
1328,expanding,2,,,1
1329,subsequently,2,,,1
1330,playing,2,,1,
1331,considering,2,,,1
1332,contributors,2,,,1
1333,processor,2,,1,0
1334,cisco,2,,1,0
1335,investigation,2,,,1
1336,perseverance,2,,,1
1337,magic,2,,,1
1338,box,2,,,1
1339,progressing,2,,,1
1340,gates,2,,1,
1341,neumann,2,,,1
1342,secondary,2,,,1
1343,calculation,2,,,1
1344,cryptography,2,,1,0
1345,thinker,2,,,1
1346,genuine,2,,,1
1347,electronically,2,,,1
1348,beginners,2,,,1
1349,trying,2,,,1
1350,techniquesunit,2,,,1
1351,translatorspractical,2,,,1
1352,door,2,,,1
1353,possibilities,2,,,1
1354,consumers,2,,,1
1355,redeveloped,2,,,1
1356,updated,2,,,1
1357,disciplines,2,,,1
1358,psychology,2,,,1
1359,foundations,2,,,1
1360,steps,2,,,1
1361,yearsthe,2,,,1
1362,crime,2,,,1
1363,coursehow,2,,,1
1364,event,2,,,1
1365,vary,2,,,1
1366,supported,2,,,1
1367,tablets,2,,,1
1368,lunch,2,,,1
1369,speed,2,,,1
1370,collecting,2,,,1
1371,are,2,,,1
1372,expertise,2,,,1
1373,space,2,,,1
1374,view,2,,,1
1375,top,2,,,1
1376,execute,2,,,1
1377,steve,2,,,1
1378,html,2,,1,0
1379,step,2,,,1
1380,increase,2,,,1
1381,digitised,2,,1,0
1382,days,2,,,1
1383,routes,2,,,1
1384,paths,2,,,1
1385,typically,2,,,1
1386,certificate,2,,,1
1387,audience,2,,,1
1388,fit,2,,,1
1389,sorts,2,,,1
1390,skillscomponent,2,,,1
1391,episodes,2,,,1
1392,gaps,2,,,1
1393,quick,2,,,1
1394,tests,2,,,1
1395,starter,2,,,1
1396,tier,2,,,1
1397,obvious,2,,,1
1398,keywords,2,,,1
1399,families,2,,,1
1400,same,2,,,1
1401,instruction,2,,,1
1402,extends,2,,,1
1403,dedicated,2,,,1
1404,improvement,2,,,1
1405,trial,2,,,1
1406,integrates,2,,,1
1407,imaginative,2,,,1
1408,enrichment,2,,,1
1409,considerable,2,,,1
1410,offline,2,,1,0
1411,represent,2,,,1
1412,prevent,2,,,1
1413,viruses,2,,1,0
1414,ready,2,,,1
1415,close,2,,,1
1416,united,2,,,1
1417,oracle,2,,,1
1418,kids,2,,,1
1419,mechanisms,2,,,1
1420,decimal,2,,1,
1421,mainly,2,,,1
1422,consolidate,2,,,1
1423,carefully,2,,,1
1424,planned,2,,,1
1425,mastery,2,,,1
1426,worksheets,2,,,1
1427,windows,2,,1,0
1428,laptop,2,,1,0
1429,sense,2,,,1
1430,less,2,,,1
1431,attention,2,,,1
1432,levelsthe,2,,,1
1433,similar,2,,,1
1434,productive,2,,,1
1435,schools,2,,,1
1436,span,2,,,1
1437,interpretation,2,,,1
1438,protection,2,,,1
1439,models,2,,1,0
1440,cloud,2,,1,0
1441,remote,2,,1,0
1442,teams,2,,1,0
1443,computationally,2,,1,0
1444,presents,2,,,1
1445,facing,2,,,1
1446,visit,2,,,1
1447,views,2,,,1
1448,bit,2,,,1
1449,awarding,2,,,1
1450,highest,2,,,1
1451,size,2,,,1
1452,submitted,2,,,1
1453,thing,2,,,1
1454,turns,2,,,1
1455,studiescomputing,2,,,1
1456,exposed,2,,,1
1457,ide,2,,,1
1458,professions,2,,,1
1459,flexibility,2,,,1
1460,subroutines,2,,1,0
1461,runs,2,,,1
1462,manipulate,2,,,1
1463,decide,2,,,1
1464,condition,2,,,1
1465,intend,2,,,1
1466,separate,2,,,1
1467,linked,2,,,1
1468,deeply,2,,,1
1469,worldthe,2,,,1
1470,attitudes,2,,,1
1471,community,2,,,1
1472,lack,2,,,1
1473,dixon,2,,1,0
1474,empowering,2,,,1
1475,experienced,2,,,1
1476,responsibly,2,,,1
1477,pre,2,,,1
1478,frames,2,,,1
1479,purposes,2,,,1
1480,rationale,2,,,1
1481,undertaking,2,,,1
1482,formal,2,,,1
1483,criteria,2,,,1
1484,proactive,2,,,1
1485,differences,2,,,1
1486,receive,2,,,1
1487,employability,2,,,1
1488,spiritual,2,,,1
1489,legislation,2,,,1
1490,misuse,2,,,1
1491,master,2,,,1
1492,disposal,2,,,1
1493,scratch,2,,1,0
1494,laws,2,,,1
1495,medium,2,,,1
1496,front,2,,,1
1497,mathematicians,2,,1,
1498,evolving,2,,,1
1499,programshow,2,,,1
1500,book,2,,,1
1501,pg,2,,,1
1502,pm,2,,,1
1503,heathcote,2,,,1
1504,timetabled,2,,,1
1505,courseassessment,2,,,1
1506,terminal,2,,1,0
1507,conducted,2,,,1
1508,involving,2,,,1
1509,news,2,,,1
1510,case,2,,,1
1511,articles,2,,,1
1512,posted,2,,,1
1513,reliable,2,,,1
1514,sources,2,,,1
1515,bbc,2,,,1
1516,money,2,,,1
1517,davies,2,,,1
1518,living,2,,,1
1519,representing,2,,,1
1520,characters,2,,1,
1521,advantages,2,,,1
1522,disadvantages,2,,,1
1523,pattern,2,,,1
1524,recognition,2,,,1
1525,preparatory,2,,,1
1526,followed,2,,,1
1527,style,2,,,1
1528,material,2,,,1
1529,exist,2,,,1
1530,entertainment,2,,,1
1531,naturally,2,,,1
1532,vast,2,,,1
1533,participate,2,,,1
1534,surrounds,2,,,1
1535,skillsstudents,2,,,1
1536,mistakes,2,,,1
1537,dangers,2,,,1
1538,knowledgehow,2,,,1
1539,select,2,,,1
1540,complemented,2,,,1
1541,alan,2,,,1
1542,turing,2,,,1
1543,nb,2,,,1
1544,prove,2,,,1
1545,capital,2,,,1
1546,wastepaper,2,,,1
1547,advances,2,,,1
1548,designwrite,2,,,1
1549,studio,2,,,1
1550,sciencehow,2,,,1
1551,gcses,2,,,1
1552,services,2,,,1
1553,investigating,2,,,1
1554,happens,2,,,1
1555,said,2,,,1
1556,matter,2,,,1
1557,aiming,2,,,1
1558,buzz,2,,,1
1559,innovators,2,,,1
1560,portfolio,2,,1,
1561,relating,2,,,1
1562,theorycomponent,2,,,1
1563,augmented,2,,,1
1564,grader,2,,,1
1565,nationally,2,,,1
1566,levelscourse,2,,,1
1567,art,2,,,1
1568,fail,2,,,1
1569,talk,2,,,1
1570,desk,2,,,1
1571,author,2,,,1
1572,mostly,2,,,1
1573,complement,2,,,1
1574,discovering,2,,,1
1575,concernscomputational,2,,,1
1576,representationprogramming,2,,,1
1577,opinions,2,,,1
1578,sometimes,2,,,1
1579,imagine,2,,,1
1580,health,2,,,1
1581,care,2,,,1
1582,mainstream,2,,,1
1583,aided,2,,,1
1584,electrical,2,,,1
1585,proactively,2,,,1
1586,image,2,,,1
1587,screen,2,,,1
1588,practise,2,,,1
1589,delve,2,,,1
1590,objectives,2,,,1
1591,concernsalgorithmsprogramming,2,,,1
1592,centres,2,,,1
1593,refers,2,,,1
1594,essentially,2,,,1
1595,arrays,2,,1,0
1596,light,2,,,1
1597,sort,2,,,1
1598,begin,2,,,1
1599,company,2,,,1
1600,thought,2,,,1
1601,recently,2,,,1
1602,man,2,,,1
1603,approaches,2,,,1
1604,coursethe,2,,,1
1605,books,2,,,1
1606,suited,2,,,1
1607,unlikely,2,,,1
1608,philosophy,2,,,1
1609,adopt,2,,,1
1610,adapt,2,,,1
1611,pressure,2,,,1
1612,algorithmsyou,2,,1,0
1613,insights,2,,,1
1614,worldwide,2,,,1
1615,watch,2,,,1
1616,ideally,2,,,1
1617,proof,2,,,1
1618,legislations,2,,,1
1619,identity,2,,,1
1620,prospects,2,,,1
1621,forms,2,,,1
1622,microprocessors,2,,,1
1623,distributed,2,,,1
1624,clouds,2,,,1
1625,organisation,2,,,1
1626,tenacity,2,,,1
1627,suggestions,2,,,1
1628,refinement,2,,,1
1629,log,2,,,1
1630,evidences,2,,,1
1631,achievement,2,,,1
1632,passion,2,,,1
1633,varied,2,,,1
1634,interact,2,,,1
1635,alone,2,,,1
1636,moves,2,,,1
1637,makeup,2,,,1
1638,solvers,2,,,1
1639,coupled,2,,,1
1640,powerful,2,,,1
1641,figure,2,,,1
1642,graduates,2,,,1
1643,smartphones,2,,,1
1644,decade,2,,,1
1645,none,2,,,1
1646,hunt,2,,,1
1647,obtain,2,,,1
1648,may,2,,,1
1649,duration,2,,,1
1650,risks,2,,,1
1651,pi,2,,,1
1652,detailed,2,,,1
1653,formats,2,,,1
1654,led,2,,,1
1655,programsgcse,2,,,1
1656,coequal,2,,,1
1657,experiencing,2,,,1
1658,algorithmsprogrammingfundamentals,2,,,1
1659,enquiring,2,,,1
1660,platform,2,,1,
1661,patience,2,,,1
1662,willingness,2,,,1
1663,onwards,2,,,1
1664,facts,2,,,1
1665,administration,2,,,1
1666,groups,2,,,1
1667,scienceocr,2,,,1
1668,simply,2,,,1
1669,consistently,2,,,1
1670,beginning,2,,,1
1671,peter,2,,,1
1672,sequencing,2,,,1
1673,revising,2,,,1
1674,statements,2,,,1
1675,codeunderstanding,2,,,1
1676,sub,2,,,1
1677,enjoying,2,,,1
1678,consultation,2,,,1
1679,projectcomponent,2,,,1
1680,hrs,2,,,1
1681,conclusion,2,,,1
1682,approx,2,,,1
1683,adapted,2,,,1
1684,educates,2,,,1
1685,realistic,2,,,1
1686,yourself,2,,,1
1687,daughter,2,,,1
1688,abstractly,2,,,1
1689,consequences,2,,,1
1690,compete,2,,,1
1691,boards,2,,,1
1692,wwwpythonorg,2,,,1
1693,sure,2,,,1
1694,accounts,2,,,1
1695,schemes,2,,,1
1696,arts,2,,,1
1697,improving,2,,,1
1698,isa,2,,,1
1699,uses,2,,,1
1700,usually,2,,,1
1701,programmingunit,2,,,1
1702,mathematicsprogramming,2,,,1
1703,reassessed,2,,,1
1704,targeted,2,,,1
1705,track,2,,,1
1706,wwwteach,2,,,1
1707,ictcom,2,,,1
1708,happen,2,,,1
1709,you,2,,,1
1710,sequestration,2,,,1
1711,sciencewhy,2,,,1
1712,heavy,2,,,1
1713,johnsexcaliburorguk,2,,,1
1714,acquired,2,,,1
1715,stem,2,,,1
1716,try,2,,,1
1717,scheme,2,,,1
1718,generation,2,,,1
1719,totalitarianism,2,,,1
1720,allocated,2,,,1
1721,mi,2,,,1
1722,computersystemssystems,2,,,1
1723,thequalificationquestion,2,,,1
1724,programmingprojectprogramming,2,,,1
1725,wants,2,,,1
1726,systemsl,2,,,1
1727,layouts,2,,,1
1728,realm,2,,,1
1729,thoroughly,2,,,1
1730,resistant,2,,,1
1731,normal,2,,,1
1732,gradeunit,2,,,1
1733,mental,2,,,1
1734,versatility,2,,,1
1735,xbox,2,,1,0
1736,maybe,2,,,1
1737,assumption,2,,,1
1738,datarepresentationcomputer,2,,,1
1739,creator,2,,,1
1740,aide,2,,,1
1741,contemporary,2,,,1
1742,academics,2,,,1
1743,conditionsstudents,2,,,1
1744,train,2,,,1
1745,reprogramming,2,,,1
1746,functionality,1,,,1
1747,combines,1,,,1
1748,prism,1,,,1
1749,tailored,1,,,1
1750,ethos,1,,,1
1751,meets,1,,,1
1752,courseour,1,,,1
1753,limits,1,,,1
1754,invaluable,1,,,1
1755,examinationcomponent,1,,,1
1756,andprogrammingpupils,1,,,1
1757,examinationpractical,1,,,1
1758,parental,1,,,1
1759,classroomthis,1,,,1
1760,programsdon,1,,,1
1761,itdon,1,,,1
1762,addressing,1,,,1
1763,interweaves,1,,,1
1764,pieces,1,,,1
1765,comprising,1,,,1
1766,defensive,1,,,1
1767,verification,1,,1,0
1768,remove,1,,,1
1769,superfluous,1,,,1
1770,goal,1,,,1
1771,workattention,1,,,1
1772,codewhilst,1,,,1
1773,reference,1,,,1
1774,codecareers,1,,,1
1775,fulfil,1,,,1
1776,outlook,1,,,1
1777,remains,1,,,1
1778,incredibly,1,,,1
1779,evolution,1,,,1
1780,decades,1,,,1
1781,needsnearly,1,,,1
1782,immediately,1,,,1
1783,cybersecuritydata,1,,,1
1784,cash,1,,,1
1785,lights,1,,,1
1786,house,1,,,1
1787,maintained,1,,,1
1788,looked,1,,,1
1789,eventually,1,,,1
1790,hopefully,1,,,1
1791,zuckerberg,1,,,1
1792,shows,1,,,1
1793,crack,1,,,1
1794,passwords,1,,1,0
1795,languagesprogressionmultimedia,1,,,1
1796,robot,1,,1,0
1797,paid,1,,,1
1798,pursuing,1,,,1
1799,dentistry,1,,,1
1800,pharmacy,1,,,1
1801,campus,1,,,1
1802,subjectaccountant,1,,,1
1803,advisorbankinginsurance,1,,,1
1804,retail,1,,,1
1805,advertisinglawyersolicitor,1,,,1
1806,property,1,,,1
1807,estate,1,,,1
1808,agent,1,,,1
1809,private,1,,,1
1810,employer,1,,,1
1811,valuegcse,1,,,1
1812,instilling,1,,,1
1813,languagewith,1,,,1
1814,chess,1,,,1
1815,driving,1,,,1
1816,cars,1,,,1
1817,lifting,1,,,1
1818,bonnet,1,,,1
1819,tinkering,1,,,1
1820,engine,1,,1,
1821,solutionin,1,,,1
1822,basics,1,,,1
1823,sequences,1,,,1
1824,talked,1,,,1
1825,stepping,1,,,1
1826,superconductivity,1,,,1
1827,abstract,1,,,1
1828,overcomes,1,,,1
1829,failure,1,,,1
1830,demystifying,1,,,1
1831,pcict,1,,,1
1832,vitally,1,,,1
1833,worldcurriculum,1,,,1
1834,micro,1,,1,0
1835,bitthe,1,,,1
1836,opportunityict,1,,,1
1837,indirectly,1,,,1
1838,conversion,1,,,1
1839,shifts,1,,,1
1840,conversionboolean,1,,,1
1841,harvard,1,,,1
1842,alu,1,,,1
1843,magnetic,1,,,1
1844,making,1,,,1
1845,microcontrollers,1,,,1
1846,projectsprogramming,1,,,1
1847,strings,1,,,1
1848,cryptanalysis,1,,1,0
1849,scales,1,,,1
1850,mimics,1,,,1
1851,microcontrollersrobotics,1,,,1
1852,robotic,1,,1,0
1853,concernswrittenexamination,1,,,1
1854,gcsecomputationalthinking,1,,,1
1855,representationwrittenexamination,1,,,1
1856,skillspost,1,,,1
1857,careerslooking,1,,,1
1858,areaaims,1,,,1
1859,skillsocr,1,,,1
1860,scienceanalyse,1,,,1
1861,bags,1,,,1
1862,minded,1,,,1
1863,saying,1,,,1
1864,normally,1,,,1
1865,timetable,1,,,1
1866,paperwork,1,,,1
1867,concentrating,1,,,1
1868,called,1,,,1
1869,completely,1,,,1
1870,mac,1,,1,0
1871,agree,1,,,1
1872,nasa,1,,,1
1873,nokia,1,,1,0
1874,yahoo,1,,1,0
1875,linux,1,,1,0
1876,ibm,1,,1,0
1877,languagestudents,1,,,1
1878,wishing,1,,,1
1879,shelley,1,,,1
1880,weeks,1,,,1
1881,worldwe,1,,,1
1882,crucial,1,,,1
1883,foundationkey,1,,,1
1884,unknown,1,,,1
1885,itcomputer,1,,,1
1886,measurescourse,1,,,1
1887,moving,1,,,1
1888,brings,1,,,1
1889,linguistics,1,,,1
1890,spans,1,,,1
1891,extension,1,,,1
1892,gce,1,,,1
1893,mindstudents,1,,,1
1894,computinguniversity,1,,,1
1895,intelligencecareers,1,,,1
1896,qualificationtopics,1,,,1
1897,representationnetworkscomputer,1,,,1
1898,technologypaper,1,,,1
1899,languagesstudents,1,,,1
1900,levelpupils,1,,,1
1901,computingpupils,1,,,1
1902,interests,1,,,1
1903,transition,1,,,1
1904,intention,1,,,1
1905,gsce,1,,,1
1906,representationtechnology,1,,,1
1907,everywhere,1,,,1
1908,guarantee,1,,,1
1909,consoles,1,,,1
1910,times,1,,,1
1911,suggest,1,,,1
1912,workcomputer,1,,,1
1913,evolves,1,,,1
1914,enabled,1,,,1
1915,collaborativelywhy,1,,,1
1916,findings,1,,,1
1917,baccythe,1,,,1
1918,reasons,1,,,1
1919,TRUE,1,,,1
1920,effort,1,,,1
1921,boundaries,1,,,1
1922,elizabeth,1,,,1
1923,truss,1,,,1
1924,william,1,,,1
1925,everybody,1,,,1
1926,country,1,,,1
1927,grip,1,,,1
1928,compton,1,,,1
1929,formcurrently,1,,,1
1930,toughest,1,,,1
1931,springboard,1,,,1
1932,feeds,1,,,1
1933,entirely,1,,,1
1934,tutorial,1,,,1
1935,assisting,1,,,1
1936,diagnosis,1,,,1
1937,wwwtedwraggtrustmoodlecohow,1,,,1
1938,renowned,1,,,1
1939,representationpost,1,,,1
1940,educators,1,,,1
1941,wages,1,,,1
1942,modeller,1,,1,0
1943,technician,1,,,1
1944,telecommunications,1,,1,0
1945,spottily,1,,,1
1946,ebay,1,,,1
1947,optional,1,,,1
1948,appleton,1,,,1
1949,syllabuses,1,,,1
1950,cripes,1,,,1
1951,nearly,1,,,1
1952,ai,1,,1,0
1953,electronics,1,,,1
1954,commercial,1,,,1
1955,digitaltechnologycomponent,1,,,1
1956,subjectin,1,,,1
1957,deprogramming,1,,,1
1958,mock,1,,,1
1959,exacerbate,1,,,1
1960,componentsexploring,1,,,1
1961,synoptic,1,,,1
1962,retention,1,,,1
1963,retained,1,,,1
1964,aid,1,,,1
1965,comparable,1,,,1
1966,cahoot,1,,1,0
1967,mcq,1,,,1
1968,vocabulary,1,,,1
1969,exposition,1,,,1
1970,etymological,1,,,1
1971,strive,1,,,1
1972,etymology,1,,,1
1973,remember,1,,,1
1974,root,1,,,1
1975,organisers,1,,,1
1976,refer,1,,,1
1977,mentioned,1,,,1
1978,broached,1,,,1
1979,notices,1,,,1
1980,readreading,1,,,1
1981,decode,1,,1,0
1982,kos,1,,,1
1983,loud,1,,,1
1984,leading,1,,,1
1985,classwriting,1,,,1
1986,presented,1,,,1
1987,dealing,1,,,1
1988,mediumsstudent,1,,,1
1989,constructively,1,,,1
1990,kodak,1,,,1
1991,learningstudents,1,,,1
1992,reply,1,,,1
1993,understandingfor,1,,,1
1994,enquiry,1,,,1
1995,adopted,1,,,1
1996,flipped,1,,,1
1997,error,1,,,1
1998,exploration,1,,,1
1999,programsassessment,1,,,1
2000,whist,1,,,1
2001,overlap,1,,,1
2002,differs,1,,,1
2003,george,1,,,1
2004,levelshow,1,,,1
2005,solvable,1,,,1
2006,altering,1,,,1
2007,teaching,1,,,1
2008,readily,1,,,1
2009,vocations,1,,,1
2010,automation,1,,1,0
2011,placed,1,,,1
2012,embark,1,,,1
2013,analysing,1,,,1
2014,positions,1,,,1
2015,meeting,1,,,1
2016,lucky,1,,,1
2017,situated,1,,,1
2018,silicon,1,,1,0
2019,kingdom,1,,,1
2020,inc,1,,,1
2021,complexes,1,,,1
2022,relationships,1,,,1
2023,affords,1,,,1
2024,enrolment,1,,,1
2025,girls,1,,,1
2026,implementation,1,,,1
2027,entire,1,,,1
2028,experimentation,1,,,1
2029,discovery,1,,,1
2030,contents,1,,,1
2031,culminating,1,,,1
2032,regime,1,,,1
2033,revise,1,,,1
2034,adaptability,1,,,1
2035,teachable,1,,,1
2036,os,1,,1,0
2037,tablet,1,,1,0
2038,chrome,1,,1,0
2039,adopts,1,,,1
2040,interaction,1,,,1
2041,fulfilment,1,,,1
2042,ensuring,1,,,1
2043,maintains,1,,,1
2044,proprietary,1,,,1
2045,subscription,1,,1,0
2046,idle,1,,,1
2047,slides,1,,,1
2048,habits,1,,,1
2049,progressively,1,,,1
2050,drivers,1,,1,
2051,agendas,1,,,1
2052,attainment,1,,,1
2053,points,1,,,1
2054,commencing,1,,,1
2055,operational,1,,,1
2056,broken,1,,,1
2057,identical,1,,,1
2058,marksstudents,1,,,1
2059,examinationsfurther,1,,,1
2060,engineeringexamining,1,,,1
2061,stages,1,,,1
2062,pinpoint,1,,,1
2063,positioned,1,,,1
2064,printing,1,,1,0
2065,scanning,1,,1,0
2066,smw,1,,,1
2067,infrastructure,1,,,1
2068,expects,1,,,1
2069,successin,1,,,1
2070,glh,1,,,1
2071,ui,1,,,1
2072,considerations,1,,,1
2073,contentcomputer,1,,,1
2074,computerization,1,,,1
2075,immense,1,,,1
2076,specialized,1,,,1
2077,skillsimplementation,1,,,1
2078,consolidates,1,,,1
2079,evaluations,1,,,1
2080,conclusionsassessment,1,,,1
2081,websiteimpactstudents,1,,,1
2082,workplacestudents,1,,,1
2083,solutionsstudents,1,,,1
2084,brilliant,1,,,1
2085,aden,1,,,1
2086,nonprescription,1,,,1
2087,solvingunderstand,1,,,1
2088,sciencehave,1,,,1
2089,chooseentry,1,,,1
2090,relinquishment,1,,,1
2091,performing,1,,,1
2092,applicants,1,,,1
2093,developerprogramming,1,,,1
2094,detailing,1,,,1
2095,explaining,1,,,1
2096,ocrafter,1,,,1
2097,levelscareer,1,,,1
2098,service,1,,,1
2099,fill,1,,,1
2100,rewarding,1,,,1
2101,relying,1,,,1
2102,intensive,1,,,1
2103,demandfuture,1,,,1
2104,graduated,1,,,1
2105,started,1,,,1
2106,protects,1,,,1
2107,former,1,,,1
2108,sarah,1,,,1
2109,donnell,1,,,1
2110,subjectcomputing,1,,,1
2111,and,1,,,1
2112,granted,1,,,1
2113,interactivity,1,,,1
2114,rocketcomputer,1,,,1
2115,futurecourse,1,,,1
2116,locations,1,,,1
2117,educationmost,1,,,1
2118,systemswritten,1,,,1
2119,describe,1,,,1
2120,occur,1,,,1
2121,responds,1,,,1
2122,guarantees,1,,,1
2123,visually,1,,,1
2124,manageable,1,,,1
2125,manipulated,1,,,1
2126,comparative,1,,,1
2127,repeat,1,,,1
2128,organise,1,,,1
2129,parameters,1,,,1
2130,inbuilt,1,,,1
2131,contained,1,,,1
2132,libraries,1,,,1
2133,upper,1,,,1
2134,batley,1,,,1
2135,recreating,1,,,1
2136,criticallydevelop,1,,,1
2137,approximately,1,,,1
2138,gradeextracurricular,1,,,1
2139,coaching,1,,,1
2140,scienceassessments,1,,,1
2141,skillscourse,1,,,1
2142,computingin,1,,,1
2143,idescontact,1,,,1
2144,williams,1,,,1
2145,believes,1,,,1
2146,strives,1,,,1
2147,avoiding,1,,,1
2148,disaffection,1,,,1
2149,arises,1,,,1
2150,undemanding,1,,,1
2151,cultures,1,,,1
2152,backgrounds,1,,,1
2153,lifelong,1,,,1
2154,enriches,1,,,1
2155,executed,1,,,1
2156,selecting,1,,,1
2157,combining,1,,,1
2158,respectfully,1,,,1
2159,securely,1,,,1
2160,editing,1,,1,
2161,uniting,1,,,1
2162,sentence,1,,,1
2163,truly,1,,,1
2164,schema,1,,1,0
2165,sequenced,1,,,1
2166,embed,1,,,1
2167,spaced,1,,,1
2168,answering,1,,,1
2169,merit,1,,,1
2170,distinction,1,,,1
2171,addresses,1,,,1
2172,disadvantage,1,,,1
2173,otherwise,1,,,1
2174,driven,1,,,1
2175,staff,1,,,1
2176,eradicate,1,,,1
2177,folders,1,,,1
2178,classrooms,1,,,1
2179,identifies,1,,,1
2180,disadvantaged,1,,,1
2181,send,1,,,1
2182,pp,1,,,1
2183,nos,1,,,1
2184,regards,1,,,1
2185,dirt,1,,,1
2186,belief,1,,,1
2187,purposeful,1,,,1
2188,deliberate,1,,,1
2189,interleaved,1,,,1
2190,secured,1,,,1
2191,cognitive,1,,,1
2192,stakes,1,,,1
2193,plays,1,,,1
2194,workforce,1,,,1
2195,enhancing,1,,,1
2196,contributing,1,,,1
2197,plagiarism,1,,,1
2198,copyright,1,,,1
2199,patents,1,,,1
2200,disabilities,1,,,1
2201,responsibility,1,,,1
2202,culture,1,,,1
2203,showing,1,,,1
2204,domains,1,,1,0
2205,presentations,1,,,1
2206,reflection,1,,,1
2207,impacted,1,,,1
2208,fewer,1,,,1
2209,carbon,1,,,1
2210,emissions,1,,,1
2211,travel,1,,,1
2212,yes,1,,,1
2213,surrounding,1,,,1
2214,suits,1,,,1
2215,experimenting,1,,,1
2216,extending,1,,,1
2217,face,1,,,1
2218,mission,1,,,1
2219,modify,1,,,1
2220,primm,1,,,1
2221,impactscomponents,1,,,1
2222,acts,1,,,1
2223,academycom,1,,,1
2224,bite,1,,,1
2225,lau,1,,,1
2226,unimaginable,1,,,1
2227,projectprogramming,1,,,1
2228,candidate,1,,,1
2229,areascourse,1,,,1
2230,markscomputer,1,,,1
2231,markscomputational,1,,,1
2232,marksprogramming,1,,,1
2233,share,1,,,1
2234,stories,1,,,1
2235,theoryhow,1,,,1
2236,departmental,1,,,1
2237,blog,1,,,1
2238,guardian,1,,,1
2239,subscribing,1,,,1
2240,channels,1,,1,
2241,unthinking,1,,,1
2242,veritable,1,,,1
2243,saucetaking,1,,,1
2244,discussion,1,,,1
2245,topical,1,,,1
2246,technologydownloading,1,,,1
2247,installing,1,,,1
2248,christmas,1,,,1
2249,card,1,,,1
2250,mailing,1,,1,
2251,shopping,1,,,1
2252,saved,1,,,1
2253,briggs,1,,,1
2254,engulfs,1,,,1
2255,pervading,1,,,1
2256,routines,1,,,1
2257,interactions,1,,,1
2258,embrace,1,,,1
2259,wonders,1,,,1
2260,criticalif,1,,,1
2261,careersyear,1,,,1
2262,bases,1,,,1
2263,sizes,1,,,1
2264,gb,1,,,1
2265,tb,1,,,1
2266,conversions,1,,,1
2267,compressing,1,,,1
2268,theseyear,1,,,1
2269,arithmetic,1,,,1
2270,calculations,1,,1,
2271,projectyear,1,,,1
2272,attacks,1,,,1
2273,specifically,1,,,1
2274,mapped,1,,,1
2275,programminggeneral,1,,,1
2276,textbooks,1,,,1
2277,studentsassessment,1,,,1
2278,qualificationexpectations,1,,,1
2279,solutionsis,1,,,1
2280,about,1,,,1
2281,participant,1,,,1
2282,inessential,1,,,1
2283,occupational,1,,,1
2284,coursesthe,1,,,1
2285,technologieshow,1,,,1
2286,theman,1,,,1
2287,scenariosaspects,1,,,1
2288,systemshow,1,,,1
2289,problemshow,1,,,1
2290,sat,1,,,1
2291,minutescontrolled,1,,,1
2292,endorsed,1,,,1
2293,sufficiently,1,,,1
2294,instance,1,,,1
2295,abreast,1,,,1
2296,attempts,1,,,1
2297,shown,1,,,1
2298,developerprogrammernetwork,1,,,1
2299,shortfall,1,,,1
2300,suitably,1,,,1
2301,employeesit,1,,,1
2302,resourcefulness,1,,,1
2303,market,1,,,1
2304,areasat,1,,,1
2305,kingsbury,1,,,1
2306,equipping,1,,,1
2307,regardless,1,,,1
2308,needswe,1,,,1
2309,rationally,1,,,1
2310,experiencestudents,1,,,1
2311,solvingstudents,1,,,1
2312,programsour,1,,,1
2313,recover,1,,,1
2314,responsiblychoose,1,,,1
2315,problemsfuture,1,,,1
2316,rapidlycomputer,1,,,1
2317,employeesfor,1,,,1
2318,pe,1,,,1
2319,inform,1,,,1
2320,gcsecomputer,1,,,1
2321,technologystudents,1,,,1
2322,advancements,1,,,1
2323,limitations,1,,,1
2324,programswhy,1,,,1
2325,grows,1,,,1
2326,profession,1,,,1
2327,designhow,1,,,1
2328,crash,1,,,1
2329,pressing,1,,,1
2330,button,1,,1,
2331,maintainable,1,,,1
2332,troubleshoot,1,,1,0
2333,errors,1,,,1
2334,objectiveness,1,,,1
2335,scienceao,1,,,1
2336,isaac,1,,,1
2337,asimov,1,,,1
2338,opinion,1,,,1
2339,altered,1,,,1
2340,expecting,1,,,1
2341,contradicted,1,,,1
2342,onto,1,,,1
2343,qualificationsgcse,1,,,1
2344,mathematicstechnical,1,,,1
2345,dashboards,1,,1,0
2346,conduct,1,,,1
2347,underpins,1,,,1
2348,collect,1,,,1
2349,workplaces,1,,,1
2350,issueshow,1,,,1
2351,manipulating,1,,,1
2352,scenarioswhy,1,,,1
2353,landscape,1,,,1
2354,invent,1,,,1
2355,craze,1,,,1
2356,advertised,1,,,1
2357,europe,1,,,1
2358,invest,1,,,1
2359,billions,1,,,1
2360,commerce,1,,1,
2361,contacts,1,,,1
2362,ada,1,,,1
2363,recognises,1,,,1
2364,methodologies,1,,,1
2365,studystudents,1,,,1
2366,vbne,1,,,1
2367,tide,1,,,1
2368,welcome,1,,,1
2369,scriptwriter,1,,,1
2370,logging,1,,1,
2371,uni,1,,,1
2372,frog,1,,,1
2373,stoic,1,,,1
2374,am,1,,,1
2375,monday,1,,,1
2376,friday,1,,,1
2377,talented,1,,,1
2378,futureduring,1,,,1
2379,flowchartscomputer,1,,,1
2380,demandkey,1,,,1
2381,literacyhow,1,,,1
2382,skillshow,1,,,1
2383,thinkingprogramming,1,,,1
2384,chose,1,,,1
2385,regretted,1,,,1
2386,tara,1,,,1
2387,progressionpupils,1,,,1
2388,ought,1,,,1
2389,represents,1,,,1
2390,possiblethe,1,,,1
2391,got,1,,,1
2392,tenacious,1,,,1
2393,workings,1,,,1
2394,capable,1,,,1
2395,exaggeration,1,,,1
2396,thema,1,,,1
2397,gateway,1,,,1
2398,bathetic,1,,,1
2399,seer,1,,,1
2400,xx,1,,,1
2401,programsskills,1,,,1
2402,acceptance,1,,,1
2403,desirable,1,,,1
2404,educationist,1,,,1
2405,asa,1,,,1
2406,ictfor,1,,,1
2407,nat,1,,,1
2408,principlesocr,1,,,1
2409,hci,1,,,1
2410,realityr,1,,,1
2411,reality,1,,,1
2412,gradesuccess,1,,,1
2413,achievements,1,,,1
2414,favourably,1,,,1
2415,august,1,,,1
2416,nats,1,,,1
2417,enthusiasm,1,,,1
2418,textbook,1,,,1
2419,robson,1,,,1
2420,cgp,1,,,1
2421,countless,1,,,1
2422,pushes,1,,,1
2423,discoveries,1,,,1
2424,humanities,1,,,1
2425,collaborations,1,,,1
2426,artsassessment,1,,,1
2427,linear,1,,,1
2428,attain,1,,,1
2429,will,1,,,1
2430,deviousness,1,,,1
2431,equivalents,1,,,1
2432,undergraduate,1,,,1
2433,bsc,1,,,1
2434,researcher,1,,,1
2435,patent,1,,,1
2436,inset,1,,,1
2437,programminggcse,1,,,1
2438,researching,1,,,1
2439,boardassessment,1,,,1
2440,switching,1,,,1
2441,listening,1,,,1
2442,with,1,,,1
2443,courseno,1,,,1
2444,route,1,,,1
2445,designfuture,1,,,1
2446,anything,1,,,1
2447,sciencecomponent,1,,,1
2448,at,1,,,1
2449,glance,1,,,1
2450,somebody,1,,,1
2451,mustthe,1,,,1
2452,pushed,1,,,1
2453,denationalization,1,,,1
2454,wallenstein,1,,,1
2455,vs,1,,,1
2456,star,1,,,1
2457,spoken,1,,,1
2458,mullenwhy,1,,,1
2459,coreon,1,,,1
2460,worldcourse,1,,,1
2461,worksystem,1,,,1
2462,programmingalgorithmsprogramming,1,,,1
2463,lecturer,1,,,1
2464,instruments,1,,,1
2465,operationsthere,1,,,1
2466,host,1,,,1
2467,futures,1,,,1
2468,immensely,1,,,1
2469,alter,1,,,1
2470,societylearning,1,,,1
2471,info,1,,,1
2472,downloadcs,1,,,1
2473,downloadcurriculum,1,,,1
2474,map,1,,,1
2475,serve,1,,,1
2476,efficiently,1,,,1
2477,technologyfacilities,1,,,1
2478,dual,1,,,1
2479,skillskey,1,,,1
2480,proficient,1,,,1
2481,societyoverview,1,,,1
2482,problemsskills,1,,,1
2483,careerscourse,1,,,1
2484,representationassessmenttwo,1,,,1
2485,longexam,1,,,1
2486,opening,1,,,1
2487,settings,1,,,1
2488,offices,1,,,1
2489,warehouses,1,,,1
2490,hotels,1,,,1
2491,hospitals,1,,,1
2492,provider,1,,,1
2493,requiredwe,1,,,1
2494,bring,1,,,1
2495,cast,1,,,1
2496,confusion,1,,,1
2497,usable,1,,,1
2498,hand,1,,,1
2499,problemscomputing,1,,,1
2500,clients,1,,,1
2501,toolscontent,1,,,1
2502,sciencethis,1,,,1
2503,paperyear,1,,,1
2504,loops,1,,1,0
2505,calculate,1,,,1
2506,shapes,1,,,1
2507,traffic,1,,,1
2508,simulation,1,,1,0
2509,finish,1,,,1
2510,dungeons,1,,,1
2511,dragons,1,,,1
2512,gamespring,1,,,1
2513,string,1,,,1
2514,records,1,,,1
2515,dimensional,1,,,1
2516,broaden,1,,,1
2517,battleships,1,,,1
2518,garden,1,,,1
2519,budget,1,,,1
2520,recap,1,,,1
2521,story,1,,,1
2522,asked,1,,,1
2523,securityextending,1,,,1
2524,tcp,1,,,1
2525,posters,1,,,1
2526,explains,1,,,1
2527,responsibilities,1,,,1
2528,eachcomponent,1,,,1
2529,worldcomponent,1,,,1
2530,fewpractical,1,,,1
2531,codeencourage,1,,,1
2532,processesone,1,,,1
2533,classic,1,,,1
2534,analogy,1,,,1
2535,publicity,1,,,1
2536,traditionally,1,,,1
2537,gender,1,,,1
2538,imbalance,1,,,1
2539,addresscamp,1,,,1
2540,hill,1,,,1
2541,returned,1,,,1
2542,conventional,1,,,1
2543,optionthe,1,,,1
2544,simulator,1,,1,0
2545,ie,1,,,1
2546,ios,1,,,1
2547,surround,1,,,1
2548,downloading,1,,,1
2549,songs,1,,,1
2550,avoided,1,,,1
2551,competitions,1,,,1
2552,actively,1,,,1
2553,bringing,1,,,1
2554,rough,1,,,1
2555,guide,1,,,1
2556,workassessment,1,,,1
2557,originally,1,,,1
2558,revised,1,,,1
2559,removes,1,,,1
2560,possibility,1,,,1
2561,settingsif,1,,,1
2562,choiceultimately,1,,,1
2563,commanding,1,,,1
2564,unlike,1,,,1
2565,directions,1,,,1
2566,situation,1,,,1
2567,overlapping,1,,,1
2568,sports,1,,,1
2569,systematic,1,,,1
2570,position,1,,,1
2571,workmr,1,,,1
2572,frost,1,,,1
2573,denary,1,,,1
2574,itcareerssoftware,1,,,1
2575,assessmentcomponent,1,,,1
2576,technologycomponent,1,,,1
2577,techniquescomponent,1,,,1
2578,wwwocrorglunkhead,1,,,1
2579,overshadowthighboneburyschuk,1,,,1
2580,sewerage,1,,,1
2581,incorporating,1,,,1
2582,improvements,1,,,1
2583,third,1,,,1
2584,courseocr,1,,,1
2585,deal,1,,,1
2586,guard,1,,,1
2587,define,1,,,1
2588,operation,1,,,1
2589,toolkit,1,,,1
2590,possibilitiesif,1,,,1
2591,fascinated,1,,,1
2592,rockford,1,,,1
2593,wire,1,,,1
2594,coursein,1,,,1
2595,constructed,1,,,1
2596,concernshow,1,,,1
2597,programwhere,1,,,1
2598,misconceptions,1,,,1
2599,boys,1,,,1
2600,females,1,,,1
2601,yeargcse,1,,,1
2602,maddock,1,,,1
2603,paddockultrahighcom,1,,,1
2604,registers,1,,,1
2605,ram,1,,1,0
2606,rom,1,,,1
2607,optical,1,,1,0
2608,hexadecimals,1,,1,0
2609,vpn,1,,1,0
2610,threat,1,,,1
2611,defragmentation,1,,1,0
2612,divide,1,,,1
2613,ux,1,,,1
2614,analytic,1,,,1
2615,checked,1,,,1
2616,lessonsskills,1,,,1
2617,proficiency,1,,,1
2618,cross,1,,,1
2619,dilemmas,1,,,1
2620,entryway,1,,,1
2621,twyford,1,,,1
2622,careersstudents,1,,,1
2623,problemscontent,1,,,1
2624,exposure,1,,,1
2625,codewritten,1,,,1
2626,enquirer,1,,,1
2627,practicing,1,,,1
2628,skillethead,1,,,1
2629,busing,1,,,1
2630,abusiveforewordwalingschuk,1,,,1
2631,societycomputational,1,,,1
2632,authenticationprogramming,1,,,1
2633,away,1,,,1
2634,back,1,,,1
2635,operates,1,,,1
2636,understandhow,1,,,1
2637,parr,1,,,1
2638,wood,1,,,1
2639,outcomes,1,,,1
2640,computingcourses,1,,,1
2641,scienceenable,1,,,1
2642,employmentteaching,1,,,1
2643,typical,1,,,1
2644,demonstrations,1,,,1
2645,observe,1,,,1
2646,asking,1,,,1
2647,applicable,1,,,1
2648,testwhy,1,,,1
2649,according,1,,,1
2650,computershow,1,,,1
2651,dominated,1,,,1
2652,crochet,1,,,1
2653,programscomputer,1,,,1
2654,fundament,1,,,1
2655,concept,1,,,1
2656,datarepresentationanalyse,1,,,1
2657,gcsecomponent,1,,,1
2658,nonequivalent,1,,,1
2659,places,1,,,1
2660,stand,1,,,1
2661,pursuit,1,,,1
2662,programmingcourse,1,,,1
2663,cp,1,,,1
2664,totalindicative,1,,,1
2665,cost,1,,,1
2666,nil,1,,,1
2667,trips,1,,,1
2668,visits,1,,,1
2669,purchasesassessment,1,,,1
2670,examprogression,1,,,1
2671,casein,1,,,1
2672,levelswho,1,,,1
2673,thrive,1,,,1
2674,studding,1,,,1
2675,subjectit,1,,,1
2676,ingrowing,1,,,1
2677,rise,1,,,1
2678,technologyprogrammers,1,,,1
2679,avenues,1,,,1
2680,influences,1,,,1
2681,copeland,1,,,1
2682,fashion,1,,,1
2683,textiles,1,,,1
2684,workable,1,,,1
2685,constitutes,1,,,1
2686,everyonehow,1,,,1
2687,studyin,1,,,1
2688,computerised,1,,,1
2689,in,1,,,1
2690,gnvq,1,,,1
2691,pcs,1,,,1
2692,library,1,,,1
2693,underclassmen,1,,,1
2694,undeniable,1,,,1
2695,hourly,1,,,1
2696,socialise,1,,,1
2697,innovate,1,,,1
2698,importantly,1,,,1
2699,appear,1,,,1
2700,constructing,1,,1,
2701,amending,1,,,1
2702,tabular,1,,1,0
2703,diagrammatic,1,,,1
2704,cope,1,,,1
2705,rowlands,1,,,1
2706,opened,1,,,1
2707,careersyou,1,,,1
2708,initiative,1,,,1
2709,articulate,1,,,1
2710,argue,1,,,1
2711,correctness,1,,,1
2712,pro,1,,,1
2713,grams,1,,,1
2714,specified,1,,,1
2715,reused,1,,,1
2716,mislaid,1,,,1
2717,orgukassessmentskills,1,,,1
2718,functioning,1,,,1
2719,devicescontent,1,,,1
2720,programmingin,1,,,1
2721,bubble,1,,,1
2722,conceptual,1,,,1
2723,flow,1,,,1
2724,charts,1,,,1
2725,digits,1,,,1
2726,motion,1,,,1
2727,procedural,1,,,1
2728,aztecs,1,,,1
2729,diplomas,1,,,1
2730,lengthen,1,,,1
2731,constituting,1,,,1
2732,forecast,1,,,1
2733,sign,1,,,1
2734,foreign,1,,,1
2735,beneficialproblem,1,,,1
2736,dateil,1,,,1
2737,astronomy,1,,,1
2738,telescopes,1,,,1
2739,edgar,1,,,1
2740,dijkstra,1,,,1
2741,told,1,,,1
2742,ducks,1,,,1
2743,jail,1,,,1
2744,learningplease,1,,,1
2745,areasin,1,,,1
2746,arduino,1,,,1
2747,chip,1,,,1
2748,digitisation,1,,,1
2749,interestin,1,,,1
2750,executing,1,,1,
2751,sonic,1,,,1
2752,bolt,1,,,1
2753,optimised,1,,,1
2754,installations,1,,,1
2755,contextsmoreover,1,,,1
2756,societyhow,1,,,1
2757,blogs,1,,,1
2758,wikis,1,,,1
2759,accessible,1,,,1
2760,confidenceskills,1,,,1
2761,lifelearning,1,,,1
2762,industrieshow,1,,,1
2763,occupations,1,,,1
2764,sciencegcse,1,,,1
2765,optionaqageneral,1,,,1
2766,sciencecontent,1,,,1
2767,tracingpaper,1,,,1
2768,learningmethods,1,,,1
2769,disciplined,1,,,1
2770,eager,1,,,1
2771,themselvesassessment,1,,,1
2772,berry,1,,,1
2773,noted,1,,,1
2774,figures,1,,,1
2775,slightly,1,,,1
2776,internationalization,1,,,1
2777,empower,1,,,1
2778,participation,1,,,1
2779,passive,1,,,1
2780,existing,1,,,1
2781,british,1,,,1
2782,pioneers,1,,,1
2783,instrumental,1,,,1
2784,<U+FB01>ll,1,,,1
2785,gap,1,,,1
2786,professionscourse,1,,,1
2787,abovecomputing,1,,,1
2788,abovecareers,1,,,1
2789,banking,1,,,1
2790,globally,1,,,1
2791,studentships,1,,,1
2792,mathematicsgcse,1,,,1
2793,computingassessment,1,,,1
2794,arrangements,1,,,1
2795,timecomputer,1,,,1
2796,datarepresentationprogramming,1,,,1
2797,conclusionswhy,1,,,1
2798,enabling,1,,,1
2799,antic,1,,,1
2800,mathematician,1,,1,0
2801,setcourse,1,,,1
2802,handled,1,,,1
2803,processed,1,,,1
2804,gatesstudents,1,,,1
2805,warden,1,,,1
2806,sets,1,,,1
2807,improves,1,,,1
2808,enthusiastic,1,,,1
2809,stretch,1,,,1
2810,held,1,,,1
2811,twilight,1,,,1
2812,aspirations,1,,,1
2813,definitions,1,,,1
2814,technique,1,,,1
2815,prioritising,1,,,1
2816,memorisation,1,,,1
2817,quiz,1,,,1
2818,flashcards,1,,,1
2819,standardised,1,,,1
2820,criteriacourse,1,,,1
2821,sciencepart,1,,,1
2822,mathematicspart,1,,,1
2823,functional,1,,,1
2824,informatics,1,,,1
2825,practitioners,1,,,1
2826,subjectshowever,1,,,1
2827,absorbingsummary,1,,,1
2828,algorithmsstudents,1,,,1
2829,algorithmscomponent,1,,,1
2830,irrelevant,1,,,1
2831,excitementcomputer,1,,,1
2832,soteaching,1,,,1
2833,display,1,,,1
2834,methodsstudents,1,,,1
2835,toad,1,,,1
2836,valuableassessment,1,,,1
2837,timed,1,,,1
2838,schoolbeyond,1,,,1
2839,gcseif,1,,,1
2840,desirea,1,,,1
2841,managerfind,1,,,1
2842,mordancy,1,,,1
2843,visiting,1,,,1
2844,doctors,1,,,1
2845,gps,1,,,1
2846,farmers,1,,,1
2847,salariescontent,1,,,1
2848,modernised,1,,,1
2849,reformed,1,,,1
2850,essence,1,,,1
2851,actions,1,,,1
2852,chosen,1,,,1
2853,languagecomponent,1,,,1
2854,environmentsassessmentcomponent,1,,,1
2855,gcseother,1,,,1
2856,reasonable,1,,,1
2857,listhead,1,,,1
2858,highchairs,1,,,1
2859,societyrequirements,1,,,1
2860,waysexam,1,,,1
2861,taughtprogramming,1,,,1
2862,taughthow,1,,,1
2863,papercomputational,1,,,1
2864,possibilitiescomputing,1,,,1
2865,worldsexam,1,,,1
2866,if,1,,,1
2867,dose,1,,,1
2868,achiever,1,,,1
2869,studyat,1,,,1
2870,communicationhow,1,,,1
2871,worldstudents,1,,,1
2872,trucker,1,,,1
2873,harris,1,,,1
2874,clarendon,1,,,1
2875,arsenal,1,,,1
2876,committed,1,,,1
2877,competency,1,,,1
2878,exposing,1,,,1
2879,livesks,1,,,1
2880,curious,1,,,1
2881,invited,1,,,1
2882,discussions,1,,,1
2883,worldyear,1,,,1
2884,revolutionary,1,,,1
2885,revisit,1,,,1
2886,formed,1,,,1
2887,broader,1,,,1
2888,hosted,1,,,1
2889,encountered,1,,,1
2890,breaches,1,,1,
2891,prevalent,1,,,1
2892,increases,1,,,1
2893,capabilities,1,,,1
2894,programsyear,1,,,1
2895,validation,1,,,1
2896,rest,1,,,1
2897,previously,1,,,1
2898,examscomputer,1,,,1
2899,fastest,1,,,1
2900,subtitle,1,,,1
2901,insert,1,,,1
2902,extract,1,,,1
2903,databaseunderstanding,1,,,1
2904,fragments,1,,,1
2905,workawareness,1,,,1
2906,original,1,,,1
2907,othersability,1,,,1
2908,underlying,1,,,1
2909,communicationskills,1,,,1
2910,restfullest,1,,,1
2911,seek,1,,,1
2912,trainee,1,,,1
2913,environmentsadditional,1,,,1
2914,reliant,1,,,1
2915,communicators,1,,,1
2916,opting,1,,,1
2917,experiencegiven,1,,,1
2918,graded,1,,,1
2919,problemsit,1,,,1
2920,socourse,1,,,1
2921,principlescomponent,1,,,1
2922,learnedmethod,1,,,1
2923,andlayersnetwork,1,,,1
2924,languagesalgorithmshigh,1,,,1
2925,techniquesdesigndevelopmenteffectiveness,1,,,1
2926,efficiency,1,,,1
2927,percentage,1,,,1
2928,confirmed,1,,,1
2929,courseassociated,1,,,1
2930,skillsliteracy,1,,,1
2931,numeracy,1,,,1
2932,proposed,1,,,1
2933,studyonly,1,,,1
2934,inlay,1,,,1
2935,modified,1,,,1
2936,specialismscourse,1,,,1
2937,workhow,1,,,1
2938,totalany,1,,,1
2939,tap,1,,,1
2940,ton,1,,,1
2941,specificationthe,1,,,1
2942,compartmentalization,1,,,1
2943,educations,1,,,1
2944,learnerscomputer,1,,,1
2945,horizons,1,,,1
2946,scope,1,,,1
2947,concentrate,1,,,1
2948,delivery,1,,,1
2949,streamlined,1,,,1
2950,uncomplicated,1,,,1
2951,societycomponent,1,,,1
2952,authentication,1,,,1
2953,programmingon,1,,,1
2954,unweighted,1,,,1
2955,attained,1,,,1
2956,february,1,,,1
2957,courseby,1,,,1
2958,secureassessment,1,,,1
2959,mulford,1,,,1
2960,weeklystudents,1,,,1
2961,gimp,1,,,1
2962,inks,1,,,1
2963,cape,1,,,1
2964,bitmap,1,,,1
2965,vector,1,,,1
2966,skillsdownload,1,,,1
2967,logicinvestigate,1,,,1
2968,shed,1,,,1
2969,subscriptioninvestigate,1,,,1
2970,ivan,1,,,1
2971,hortonteach,1,,,1
2972,roger,1,,,1
2973,cadencedpython,1,,,1
2974,absolute,1,,,1
2975,michael,1,,,1
2976,dawsonwhat,1,,,1
2977,curriculumwww,1,,,1
2978,tubecom,1,,,1
2979,tutorials,1,,,1
2980,wwwcode,1,,,1
2981,schoolcomedownaudacitycom,1,,,1
2982,television,1,,,1
2983,gadget,1,,,1
2984,wwwbbccouk,1,,,1
2985,advancement,1,,,1
2986,technologyhow,1,,,1
2987,carers,1,,,1
2988,sibling,1,,,1
2989,relative,1,,,1
2990,availablediscuss,1,,,1
2991,controls,1,,,1
2992,booster,1,,,1
2993,maximise,1,,,1
2994,successfulhow,1,,,1
2995,uncover,1,,,1
2996,secrets,1,,,1
2997,universe,1,,,1
2998,stephen,1,,,1
2999,hawking,1,,,1
3000,impacting,1,,,1
3001,enjoyably,1,,,1
3002,enrich,1,,,1
3003,openness,1,,,1
3004,consequently,1,,,1
3005,sensible,1,,,1
3006,lasting,1,,,1
3007,minutesgcse,1,,,1
3008,awaiting,1,,,1
3009,beall,1,,,1
3010,helpful,1,,,1
3011,homehow,1,,,1
3012,lunchtimeif,1,,,1
3013,compatible,1,,,1
3014,needing,1,,,1
3015,purchase,1,,,1
3016,softwarestudents,1,,,1
3017,pythonorg,1,,1,0
3018,teacherstudents,1,,,1
3019,be,1,,,1
3020,checkout,1,,,1
3021,supermarket,1,,,1
3022,relaxing,1,,,1
3023,tv,1,,,1
3024,atm,1,,,1
3025,withdraw,1,,,1
3026,bank,1,,,1
3027,mri,1,,,1
3028,hospital,1,,,1
3029,savanna,1,,,1
3030,clearly,1,,,1
3031,careersopportunities,1,,,1
3032,variously,1,,,1
3033,teacherall,1,,,1
3034,workwe,1,,,1
3035,lessonscurriculum,1,,,1
3036,pikestaff,1,,,1
3037,batch,1,,,1
3038,microcomputer,1,,1,0
3039,explores,1,,,1
3040,programmingassessment,1,,,1
3041,broadcast,1,,,1
3042,journalism,1,,,1
3043,publishing,1,,,1
3044,measurecourse,1,,,1
3045,databasesunderstanding,1,,,1
3046,webawareness,1,,,1
3047,issuescomponent,1,,,1
3048,dataassessment,1,,,1
3049,assessmentboard,1,,,1
3050,mode,1,,1,
3051,assessmentedexcelprinciples,1,,,1
3052,bill,1,,,1
3053,intends,1,,,1
3054,knowledgeable,1,,,1
3055,arising,1,,,1
3056,continually,1,,,1
3057,marketwe,1,,,1
3058,constantly,1,,,1
3059,workplaceour,1,,,1
3060,aspirational,1,,,1
3061,styles,1,,,1
3062,cuthbert,1,,,1
3063,endeavour,1,,,1
3064,childdepartment,1,,,1
3065,staffer,1,,,1
3066,chris,1,,,1
3067,extracurricular,1,,,1
3068,zoe,1,,,1
3069,freeman,1,,,1
3070,seethe,1,,,1
3071,achievers,1,,,1
3072,preparationother,1,,,1
3073,complicated,1,,,1
3074,dedication,1,,,1
3075,theories,1,,,1
3076,ebacc,1,,,1
3077,centuryassessment,1,,,1
3078,systemexam,1,,,1
3079,howell,1,,,1
3080,websitefull,1,,,1
3081,provoking,1,,,1
3082,fantastic,1,,,1
3083,suitability,1,,,1
3084,jerkin,1,,,1
3085,antiscience,1,,,1
3086,worldthey,1,,,1
3087,evaluative,1,,,1
3088,agestudents,1,,,1
3089,thinks,1,,,1
3090,debuggingprogrammes,1,,,1
3091,worldwithin,1,,,1
3092,invite,1,,,1
3093,summary,1,,,1
3094,skilletstudents,1,,,1
3095,enrol,1,,,1
3096,absolutely,1,,,1
3097,syntax,1,,1,0
3098,paramount,1,,,1
3099,autonomy,1,,,1
3100,willing,1,,,1
3101,solidify,1,,,1
3102,scorescourse,1,,,1
3103,followsunit,1,,,1
3104,embraces,1,,,1
3105,closely,1,,,1
3106,representationassessment,1,,,1
3107,unitsunit,1,,,1
3108,progressions,1,,,1
3109,orientated,1,,,1
3110,apprentice,1,,,1
3111,ship,1,,,1
3112,programmingcontact,1,,,1
3113,dix,1,,,1
3114,kinshasa,1,,,1
3115,entrants,1,,,1
3116,subjectsaims,1,,,1
3117,scienceassessment,1,,,1
3118,questionscomputational,1,,,1
3119,question,1,,,1
3120,problemsexamination,1,,,1
3121,questionsmr,1,,,1
3122,letterhead,1,,,1
3123,sciencecomputational,1,,,1
3124,solves,1,,,1
3125,regarding,1,,,1
3126,greatly,1,,,1
3127,enhanced,1,,,1
3128,analytics,1,,,1
3129,consultancy,1,,,1
3130,underproduction,1,,,1
3131,realin,1,,,1
3132,lid,1,,,1
3133,computeryou,1,,,1
3134,problemsstudents,1,,,1
3135,contentiousness,1,,,1
3136,coversalgorithmsprogramming,1,,,1
3137,developmentenvironmentspractical,1,,,1
3138,proble,1,,,1
3139,paperassessment,1,,,1
3140,gcsecareer,1,,,1
3141,forensics,1,,,1
3142,lynahpinglynahpingblenheimsurreyschskiff,1,,,1
3143,agreement,1,,,1
3144,medicinestudying,1,,,1
3145,datatopics,1,,,1
3146,far,1,,,1
3147,subjective,1,,,1
3148,anon,1,,,1
3149,interestinginformation,1,,,1
3150,programsthis,1,,,1
3151,kirkland,1,,,1
3152,consisting,1,,,1
3153,tonsure,1,,,1
3154,seeing,1,,,1
3155,mathematicsskills,1,,,1
3156,currents,1,,,1
3157,exploring,1,,,1
3158,easy,1,,,1
3159,easily,1,,,1
3160,projector,1,,,1
3161,wwwcambridgeorg,1,,,1
3162,cambridgegeesecomputingorg,1,,,1
3163,codeorg,1,,1,0
3164,nondenominational,1,,,1
3165,terminology,1,,,1
3166,computingto,1,,,1
3167,continuity,1,,,1
3168,acquisition,1,,,1
3169,equal,1,,,1
3170,workto,1,,,1
3171,difficulties,1,,,1
3172,political,1,,,1
3173,problemsthere,1,,,1
3174,gradethere,1,,,1
3175,supervisionbelow,1,,,1
3176,breakdown,1,,,1
3177,concernspart,1,,,1
3178,languagestudent,1,,,1
3179,grouping,1,,,1
3180,mixed,1,,,1
3181,assessedhow,1,,,1
3182,paired,1,,,1
3183,whole,1,,,1
3184,activitieshomework,1,,,1
3185,policytext,1,,,1
3186,codefuture,1,,,1
3187,combined,1,,,1
3188,subjectmr,1,,,1
3189,computerscienceexamination,1,,,1
3190,worthies,1,,,1
3191,intensively,1,,,1
3192,topology,1,,,1
3193,move,1,,,1
3194,initial,1,,,1
3195,helpfulhow,1,,,1
3196,infiltrated,1,,,1
3197,theorise,1,,,1
3198,male,1,,,1
3199,qualificationcourse,1,,,1
3200,person,1,,,1
3201,courseoffer,1,,,1
3202,networkingprogramminghow,1,,,1
3203,systemsunit,1,,,1
3204,courseto,1,,,1
3205,thinkingnumeracyteam,1,,,1
3206,engineerwho,1,,,1
3207,ariz,1,,,1
3208,naifw,1,,,1
3209,sorguk,1,,,1
3210,ct,1,,,1
3211,sqlwhat,1,,,1
3212,abovehow,1,,,1
3213,above,1,,,1
3214,medicinewhere,1,,,1
3215,coordinator,1,,,1
3216,barricade,1,,,1
3217,forbadeharrissouthnorwoodorguk,1,,,1
3218,contextsyou,1,,,1
3219,harness,1,,,1
3220,impossible,1,,,1
3221,enabler,1,,,1
3222,additionally,1,,,1
3223,mature,1,,,1
3224,authoring,1,,,1
3225,consulting,1,,,1
3226,securitywho,1,,,1
3227,sciencemr,1,,,1
3228,jarvis,1,,,1
3229,jarvisst,1,,,1
3230,componentthe,1,,,1
3231,languageexam,1,,,1
3232,rich,1,,,1
3233,readers,1,,,1
3234,writers,1,,,1
3235,contentcomputing,1,,,1
3236,approved,1,,,1
3237,council,1,,,1
3238,ukcis,1,,,1
3239,james,1,,,1
3240,wwwgovuk,1,,,1
3241,publications,1,,,1
3242,chandrasekhar,1,,,1
3243,protocol,1,,,1
3244,unpractical,1,,,1
3245,knowto,1,,,1
3246,confidently,1,,,1
3247,encoding,1,,,1
3248,decent,1,,,1
3249,technologiescontent,1,,,1
3250,opcode,1,,,1
3251,computingexamination,1,,,1
3252,moderated,1,,,1
3253,compute,1,,,1
3254,rand,1,,1,0
3255,zp,1,,,1
3256,thompson,1,,,1
3257,nanotechnology,1,,,1
3258,deconstruct,1,,,1
3259,computingprogramming,1,,,1
3260,fix,1,,1,
3261,translatorshow,1,,,1
3262,booklet,1,,,1
3263,older,1,,,1
3264,kudos,1,,,1
3265,helpput,1,,,1
3266,charge,1,,,1
3267,yours,1,,,1
3268,leaving,1,,,1
3269,england,1,,,1
3270,microlight,1,,1,0
3271,assessmentcourse,1,,,1
3272,logiccomputer,1,,,1
3273,softwarecomputational,1,,,1
3274,dataprogression,1,,,1
3275,adapting,1,,,1
3276,testers,1,,,1
3277,programmersfor,1,,,1
3278,comp,1,,,1
3279,films,1,,,1
3280,capacity,1,,,1
3281,areathe,1,,,1
3282,deserved,1,,,1
3283,reputation,1,,,1
3284,era,1,,,1
3285,intertwining,1,,,1
3286,danger,1,,,1
3287,nurture,1,,,1
3288,designerscourse,1,,,1
3289,totalgcseprogramming,1,,,1
3290,totalizators,1,,,1
3291,zqmtsbkhttp,1,,,1
3292,glossary,1,,,1
3293,ahttp,1,,,1
3294,wwww,1,,,1
3295,schoolscom,1,,,1
3296,login,1,,,1
3297,maker,1,,,1
3298,package,1,,,1
3299,adobe,1,,1,0
3300,technologyassessmentwritten,1,,,1
3301,environmentsassessmentwritten,1,,,1
3302,availablegcseexamination,1,,,1
3303,boardaqaintroductionthis,1,,,1
3304,progresses,1,,,1
3305,programstechnical,1,,,1
3306,complexity,1,,,1
3307,css,1,,,1
3308,bused,1,,,1
3309,gcseii,1,,,1
3310,gcseresources,1,,,1
3311,room,1,,,1
3312,raspberry,1,,1,0
3313,latter,1,,,1
3314,accessory,1,,,1
3315,kits,1,,,1
3316,opt,1,,,1
3317,trader,1,,,1
3318,cad,1,,,1
3319,lego,1,,,1
3320,land,1,,,1
3321,clothes,1,,,1
3322,tumblr,1,,,1
3323,geographical,1,,,1
3324,officer,1,,,1
3325,gchqfor,1,,,1
3326,hersey,1,,,1
3327,workqualification,1,,,1
3328,questionscomponent,1,,,1
3329,andprogrammingalgorithmsprogramming,1,,,1
3330,metalanguage,1,,1,
3331,codecomponent,1,,,1
3332,boardwhy,1,,,1
3333,fieldas,1,,,1
3334,liaise,1,,,1
3335,bowers,1,,,1
3336,wilkins,1,,,1
3337,electric,1,,,1
3338,square,1,,,1
3339,enhances,1,,,1
3340,boswell,1,,,1
3341,carter,1,,,1
3342,lifecomputing,1,,,1
3343,questionmodule,1,,,1
3344,markseach,1,,,1
3345,maugham,1,,,1
3346,skillsgood,1,,,1
3347,areal,1,,,1
3348,absorbingstudents,1,,,1
3349,lifestudents,1,,,1
3350,togo,1,,,1
3351,stonepaper,1,,,1
3352,storagel,1,,,1
3353,programmingl,1,,,1
3354,diagramsl,1,,,1
3355,misusel,1,,,1
3356,formprogramming,1,,,1
3357,gradel,1,,,1
3358,commit,1,,,1
3359,unsupervised,1,,,1
3360,tasksthere,1,,,1
3361,kind,1,,,1
3362,levelspossible,1,,,1
3363,debasedunit,1,,,1
3364,procedures,1,,,1
3365,annotating,1,,,1
3366,matches,1,,,1
3367,successes,1,,,1
3368,limitationsimportant,1,,,1
3369,itapply,1,,,1
3370,societyfuture,1,,,1
3371,securityfuture,1,,,1
3372,director,1,,,1
3373,clare,1,,,1
3374,skillswill,1,,,1
3375,basesg,1,,,1
3376,spread,1,,,1
3377,sciencestudents,1,,,1
3378,mathematicsstudents,1,,,1
3379,accrue,1,,,1
3380,inspired,1,,,1
3381,coherent,1,,,1
3382,satisfying,1,,,1
3383,worthwhile,1,,,1
3384,choicesgcse,1,,,1
3385,beware,1,,,1
3386,societyteaching,1,,,1
3387,initially,1,,,1
3388,skillsthey,1,,,1
3389,knowledgeyear,1,,,1
3390,finished,1,,,1
3391,byte,1,,,1
3392,workslearners,1,,,1
3393,godson,1,,,1
3394,absorbingfocus,1,,,1
3395,systemsencourages,1,,,1
3396,qmgs,1,,,1
3397,pythonunit,1,,,1
3398,democratic,1,,,1
3399,undertakings,1,,,1
3400,devised,1,,,1
3401,mankind,1,,,1
3402,grand,1,,,1
3403,ramifications,1,,,1
3404,fiction,1,,,1
3405,ago,1,,,1
3406,affecting,1,,,1
3407,perceive,1,,,1
3408,livingks,1,,,1
3409,bishop,1,,,1
3410,challenger,1,,,1
3411,since,1,,,1
3412,breadth,1,,,1
3413,epistemological,1,,,1
3414,abilityassessment,1,,,1
3415,methodweightingcomputer,1,,,1
3416,blockbuster,1,,,1
3417,pindar,1,,,1
3418,wikipedia,1,,,1
3419,publish,1,,,1
3420,magazine,1,,,1
3421,connect,1,,,1
3422,wonderful,1,,,1
3423,unleash,1,,,1
3424,hack,1,,,1
3425,roll,1,,,1
3426,sleeves,1,,,1
3427,electricity,1,,,1
3428,zeroes,1,,,1
3429,mmrpgs,1,,,1
3430,wizard,1,,,1
3431,merlin,1,,,1
3432,beardcomputational,1,,,1
3433,finds,1,,,1
3434,expression,1,,,1
3435,plenty,1,,,1
3436,oomph,1,,,1
3437,underlie,1,,,1
3438,generalising,1,,,1
3439,spottingrather,1,,,1
3440,theoretically,1,,,1
3441,becomes,1,,,1
3442,tangible,1,,,1
3443,executable,1,,1,0
3444,programswant,1,,,1
3445,perhaps,1,,,1
3446,gather,1,,,1
3447,spit,1,,,1
3448,digestive,1,,,1
3449,biscuit,1,,,1
3450,surprise,1,,,1
3451,amazing,1,,,1
3452,codingwe,1,,,1
3453,census,1,,,1
3454,neighbourhoods,1,,,1
3455,engines,1,,,1
3456,dig,1,,,1
3457,daythere,1,,,1
3458,natives,1,,,1
3459,born,1,,,1
3460,adults,1,,,1
3461,dangerous,1,,,1
3462,visible,1,,,1
3463,citizenship,1,,,1
3464,old,1,,,1
3465,strand,1,,,1
3466,navigate,1,,,1
3467,theft,1,,,1
3468,force,1,,,1
3469,wisdom,1,,,1
3470,crowds,1,,,1
3471,amplify,1,,,1
3472,behavioural,1,,,1
3473,norms,1,,,1
3474,forums,1,,,1
3475,networksautumn,1,,,1
3476,algorithmsprogrammingaspects,1,,,1
3477,softwaredevelopmentfundamentals,1,,,1
3478,computernetworksfundamentals,1,,,1
3479,systemsthis,1,,,1
3480,concernsunit,1,,,1
3481,representationunit,1,,,1
3482,projectthis,1,,,1
3483,devaluation,1,,,1
3484,conclusionsfor,1,,,1
3485,fitzroy,1,,,1
3486,interdenominational,1,,,1
3487,unto,1,,,1
3488,analyses,1,,,1
3489,problemcareer,1,,,1
3490,incredible,1,,,1
3491,industriesthe,1,,,1
3492,cause,1,,,1
3493,shape,1,,,1
3494,technologiespaper,1,,,1
3495,httpthe,1,,,1
3496,evaluatinghow,1,,,1
3497,industryst,1,,,1
3498,progressed,1,,,1
3499,harriet,1,,,1
3500,ball,1,,,1
3501,difficultystpetershuntingdonorg,1,,,1
3502,lucrative,1,,,1
3503,skillsprerequisites,1,,,1
3504,utc,1,,,1
3505,south,1,,,1
3506,durham,1,,,1
3507,blocks,1,,,1
3508,salary,1,,,1
3509,greenmail,1,,,1
3510,withers,1,,,1
3511,mouthe,1,,,1
3512,goon,1,,,1
3513,skillsthere,1,,,1
3514,ittopics,1,,,1
3515,coveredan,1,,,1
3516,problemscreation,1,,,1
3517,annotated,1,,,1
3518,functionevaluation,1,,,1
3519,societycourse,1,,,1
3520,mathematicsinformation,1,,,1
3521,burrstudying,1,,,1
3522,roget,1,,,1
3523,andprogrammingwritten,1,,,1
3524,acquiring,1,,,1
3525,societygrouping,1,,,1
3526,groupstime,1,,,1
3527,cyclecoursework,1,,,1
3528,excelledexamination,1,,,1
3529,contactmr,1,,,1
3530,cowell,1,,,1
3531,damiancowellweaverhamhighschoolcom,1,,,1
3532,principlesdiscover,1,,,1
3533,interfaceinvestigate,1,,,1
3534,presenting,1,,,1
3535,organisationsdevelop,1,,,1
3536,dashboard,1,,,1
3537,toolsdraw,1,,,1
3538,recommendations,1,,,1
3539,intelligencecomponent,1,,,1
3540,propose,1,,,1
3541,situationsstudents,1,,,1
3542,evolvingunderstand,1,,,1
3543,safeguard,1,,,1
3544,itconsider,1,,,1
3545,sharing,1,,,1
3546,tiers,1,,,1
3547,williamsonwilliamson,1,,,1
3548,techkentschcomputerate,1,,,1
3549,programstopics,1,,,1
3550,cabinetwork,1,,,1
3551,usehow,1,,,1
3552,rewards,1,,,1
3553,analysts,1,,,1
3554,worldfor,1,,,1
3555,newton,1,,,1
3556,jones,1,,,1
3557,rapidlybusinesses,1,,,1
3558,programmingstudents,1,,,1
3559,focussing,1,,,1
3560,setting,1,,,1
3561,providedhomework,1,,,1
3562,timethis,1,,,1
3563,advertiser,1,,,1
3564,animator,1,,,1
3565,imperative,1,,,1
3566,ideaspupils,1,,,1
3567,simultaneously,1,,,1
3568,embracing,1,,,1
3569,totem,1,,,1
3570,cse,1,,,1
3571,feature,1,,,1
3572,futureaims,1,,,1
3573,coerced,1,,,1
3574,minutescomputational,1,,,1
3575,legalrequirements,1,,,1
3576,coursean,1,,,1
3577,bearer,1,,,1
3578,simon,1,,,1
3579,warburtonswarburtonivcmetorgexam,1,,,1
3580,weatherboard,1,,,1
3581,conjunction,1,,,1
3582,listen,1,,,1
3583,positively,1,,,1
3584,abilityprogression,1,,,1
3585,ib,1,,,1
3586,universitycareers,1,,,1
3587,controlledassessmentnotexternallyassessed,1,,,1
3588,securityexam,1,,,1
3589,computationalthinkingalgorithms,1,,,1
3590,projectunits,1,,,1
3591,totalling,1,,,1
3592,centurywhy,1,,,1
3593,ciscoorganisations,1,,,1
3594,insecure,1,,,1
3595,baccalaureatecourse,1,,,1
3596,accessed,1,,,1
3597,meetinghouse,1,,,1
3598,considers,1,,,1
3599,misuserunning,1,,,1
3600,tackled,1,,,1
3601,carried,1,,,1
3602,spanning,1,,,1
3603,weekspost,1,,,1
3604,skillsexample,1,,,1
